﻿<?xml version="1.0"?>
<doc>
<assembly>
<name>
SpiralButterfly
</name>
</assembly>
<members>
<member name="M:SpiralButterfly.CalcHypAng.Calc(System.Single,System.Single)">
	<summary>
 通常座標から距離角度座標を算出する。
 </summary>
	<param name="x"></param>
	<param name="y"></param>
	<returns></returns>
	<remarks></remarks>
</member><member name="T:SpiralButterfly.CalcHypAng">
	<summary>
 通常座標から距離角度座標を算出する。
 </summary>
	<remarks></remarks>
</member><member name="F:SpiralButterfly.ActionCommon.app">
	<summary>
 アプリケーションコンテナ
 </summary>
	<remarks></remarks>
</member><member name="F:SpiralButterfly.ActionCommon.AryCrt">
	<summary>
 登場クリーチャー情報
 </summary>
	<remarks></remarks>
</member><member name="F:SpiralButterfly.ActionCommon.mainSize">
	<summary>
 メインサイズ
 </summary>
	<remarks>画面および、座標系のサイズ</remarks>
</member><member name="F:SpiralButterfly.ActionCommon.ada">
	<summary>
 目標方向角度を求める
 </summary>
	<remarks></remarks>
</member><member name="F:SpiralButterfly.ActionCommon.FireBeam">
	<summary>
 発射攻撃する
 </summary>
	<remarks></remarks>
</member><member name="F:SpiralButterfly.ActionCommon.StgCon">
	<summary>
 ステージ制御
 </summary>
	<remarks></remarks>
</member><member name="F:SpiralButterfly.ActionCommon.CrtCon">
	<summary>
 クリーチャー制御
 </summary>
	<remarks></remarks>
</member><member name="F:SpiralButterfly.ActionCommon.HPrmCon">
	<summary>
 主人公パラメータ制御
 </summary>
	<remarks></remarks>
</member><member name="F:SpiralButterfly.ActionCommon.EfSnd">
	<summary>
 効果音制御
 </summary>
	<remarks></remarks>
</member><member name="M:SpiralButterfly.ActionCommon.Init(SpiralButterfly.StageControl@,SpiralButterfly.CrtControl@,SpiralButterfly.HeroParameterControl@)">
	<summary>
 初期化
 </summary>
	<param name="prm_stgCon"></param>
	<param name="prm_crtCon"></param>
	<remarks></remarks>
</member><member name="M:SpiralButterfly.ActionCommon.GetPlayerData">
	<summary>
 プレイヤー入力情報を取得する
 </summary>
	<returns></returns>
	<remarks></remarks>
</member><member name="M:SpiralButterfly.ActionCommon.GetMainSize">
	<summary>
 メインサイズのGetter
 </summary>
	<returns></returns>
	<remarks></remarks>
</member><member name="M:SpiralButterfly.ActionCommon.GetEntryIdOfHero">
	<summary>
 主人公の登場IDを取得する
 </summary>
	<returns></returns>
	<remarks></remarks>
</member><member name="M:SpiralButterfly.ActionCommon.GetCrt(System.Int32,System.Int32)">
	<summary>
 クリーチャーを取得する
 </summary>
	<param name="GrpId"></param>
	<param name="EntryNo"></param>
	<returns></returns>
	<remarks></remarks>
</member><member name="M:SpiralButterfly.ActionCommon.GetAimDirectionAngle(SpiralButterfly.Creture@,SpiralButterfly.Creture@)">
	<summary>
 目標方向角度を取得する
 </summary>
	<returns></returns>
	<remarks></remarks>
</member><member name="M:SpiralButterfly.ActionCommon.Straight(SpiralButterfly.Creture@)">
	<summary>
 直進する
 </summary>
	<param name="crt"></param>
	<remarks></remarks>
</member><member name="M:SpiralButterfly.ActionCommon.Fire(SpiralButterfly.Creture@,System.Int32)">
	<summary>
 発射攻撃
 </summary>
	<param name="crt">光線発射するクリーチャー</param>
	<param name="MuzzleId">発射口ＩＤ</param>
	<remarks></remarks>
</member><member name="M:SpiralButterfly.ActionCommon.EffectSoundPlay(System.Int32)">
	<summary>
 効果音を鳴らす
 </summary>
	<remarks></remarks>
</member><member name="F:SpiralButterfly.DXG_Draw3D.dev">
	<summary>
 グラフィックデバイス
 </summary>
	<remarks></remarks>
</member><member name="M:SpiralButterfly.DXG_Draw3D.#ctor(Microsoft.DirectX.Direct3D.Device@)">
	<summary>
 コンストラクタ
 </summary>
	<param name="prm_dev"></param>
	<remarks></remarks>
</member><member name="T:SpiralButterfly.DXG_Draw3D">
	<summary>
 3D描画を行う
 </summary>
	<remarks></remarks>
</member><member name="F:SpiralButterfly.DxSound.dev">
	<summary>
 サウンドデバイス
 </summary>
	<remarks></remarks>
</member><member name="F:SpiralButterfly.DxSound.desc">
	<summary>
 バッファについての情報設定クラス
 </summary>
	<remarks></remarks>
</member><member name="M:SpiralButterfly.DxSound.#ctor(System.Windows.Forms.Form@)">
	<summary>
 コンストラクタ
 </summary>
	<param name="fm"></param>
	<remarks>デバイスの初期化などを行う。</remarks>
</member><member name="M:SpiralButterfly.DxSound.CreateSecondaryBuffer(System.String@)">
	<summary>
 セカンダリバッファを生成する
 </summary>
	<param name="wavFlNm"></param>
	<returns></returns>
	<remarks></remarks>
</member><member name="M:SpiralButterfly.DxSound.Play(Microsoft.DirectX.DirectSound.SecondaryBuffer@)">
	<summary>
 再生
 </summary>
	<param name="secBf"></param>
	<remarks></remarks>
</member><member name="T:SpiralButterfly.DxSound">
	<summary>
 DirectSound制御
 </summary>
	<remarks>
 ☆概要
 効果音を鳴らす
 ☆履歴
 2008/6/9　新規作成
 </remarks>
</member><member name="M:SpiralButterfly.DXI_InitJoyStick.InitDevice(System.Windows.Forms.Form@)">
	<summary>
 ジョイスティックデバイスの初期化
 </summary>
	<returns>デバイスのリスト</returns>
	<remarks>接続されているジョイスティックのデバイスを取得し、リストにして返す</remarks>
</member><member name="F:SpiralButterfly.DXG_Draw2D.dev">
	<summary>
 グラフィックデバイス
 </summary>
	<remarks></remarks>
</member><member name="F:SpiralButterfly.DXG_Draw2D.vb">
	<summary>
 頂点バッファ
 </summary>
	<remarks>頂点情報を格納したメモリ領域</remarks>
</member><member name="M:SpiralButterfly.DXG_Draw2D.#ctor(Microsoft.DirectX.Direct3D.Device@)">
	<summary>
 コンストラクタ
 </summary>
	<param name="prm_dev"></param>
	<remarks></remarks>
</member><member name="M:SpiralButterfly.DXG_Draw2D.initVb">
	<summary>
 頂点フォーマットの初期化
 </summary>
	<remarks></remarks>
</member><member name="M:SpiralButterfly.DXG_Draw2D.Draw(Microsoft.DirectX.Direct3D.Texture@,System.Single@,System.Single@,System.Int32,System.Int32)">
	<summary>
 描画
 </summary>
	<param name="tex">テクスチャー</param>
	<param name="fPx">描画座標（描画オブジェクトの左上隅の座標）X</param>
	<param name="fPy">描画座標（描画オブジェクトの左上隅の座標）Y</param>
	<param name="width">描画オブジェクトの横幅</param>
	<param name="height">描画オブジェクトの縦幅</param>
	<remarks></remarks>
</member><member name="M:SpiralButterfly.DXG_Draw2D.Draw2(Microsoft.DirectX.Direct3D.Texture@)">
	<summary>
 デバイスに描画情報をセットして描画を行う
 </summary>
	<param name="tex"></param>
	<remarks></remarks>
</member><member name="M:SpiralButterfly.DXG_Draw2D.Draw(Microsoft.DirectX.Direct3D.Texture@,System.Drawing.PointF@,System.Single,System.Single,System.Single)">
	<summary>
 ２D描画（回転、拡大縮小可能）
 </summary>
	<param name="tex">テクスチャー</param>
	<param name="p0">中心座標</param>
	<param name="rAng">回転角度（ラジアン）</param>
	<param name="hyp">斜辺　hypotenuse　長方形の中心からある１つの頂点までの距離</param>
	<param name="hypAng">斜辺角度　hypの角度</param>
	<remarks></remarks>
</member><member name="M:SpiralButterfly.DXG_Draw2D.Draw(Microsoft.DirectX.Direct3D.Texture@,System.Drawing.Point@,System.Drawing.Size@,System.Int32)">
	<summary>
 ２D描画　簡易版（回転、拡大縮小可能）
 </summary>
	<param name="tex">テクスチャー</param>
	<param name="p0">中心座標</param>
	<param name="size_">画像サイズ</param>
	<param name="ang">回転角度</param>
	<remarks>処理にオーバーヘッドが生じるため、多少時間がかかる</remarks>
</member><member name="T:SpiralButterfly.DXG_Draw2D">
	<summary>
 DirectXグラフィックを利用して２D描画を行う。
 </summary>
	<remarks>
 ☆概要
 DirectXグラフィックを利用して２D描画を行う。
 Z座標は０で設定されている
 ☆履歴
 2008/05/29
 </remarks>
</member><member name="F:SpiralButterfly.ActDocOperate.hypMove">
	<summary>
 斜め移動距離
 </summary>
	<remarks></remarks>
</member><member name="T:SpiralButterfly.DAZ_QuarterConst">
	<summary>
 ザコ出現方面定数
 </summary>
	<remarks></remarks>
</member><member name="F:SpiralButterfly.CrtLibCollsionEntity.pha">
	<summary>
 衝突部位の距離角度座標
 </summary>
	<remarks></remarks>
</member><member name="T:SpiralButterfly.CrtLibCollsionEntity">
	<summary>
 Crtライブラリ　衝突情報エンティティ
 </summary>
	<remarks></remarks>
</member><member name="F:SpiralButterfly.CrtLibEntity.Tex">
	<summary>
 テクスチャー
 </summary>
	<remarks></remarks>
</member><member name="F:SpiralButterfly.CrtLibEntity.AryCollision">
	<summary>
 衝突情報
 </summary>
	<remarks></remarks>
</member><member name="F:SpiralButterfly.CrtLibEntity.AryFire">
	<summary>
 発射情報
 </summary>
	<remarks></remarks>
</member><member name="M:SpiralButterfly.CrtLibEntity.SetTexture(Microsoft.DirectX.Direct3D.Texture@)">
	<summary>
 テクスチャーのＳｅｔｔｅｒ
 </summary>
	<param name="prm_tex"></param>
	<remarks></remarks>
</member><member name="M:SpiralButterfly.CrtLibEntity.GetTexture">
	<summary>
 テクスチャーのＧｅｔｔｅｒ
 </summary>
	<returns></returns>
	<remarks></remarks>
</member><member name="M:SpiralButterfly.CrtLibEntity.SetAryCollision(System.Collections.ArrayList@)">
	<summary>
 AryCollisionのSetter
 </summary>
	<param name="prm_aryCollision"></param>
	<remarks></remarks>
</member><member name="M:SpiralButterfly.CrtLibEntity.GetAryCollision">
	<summary>
 AryCollisionのGetter
 </summary>
	<returns></returns>
	<remarks></remarks>
</member><member name="M:SpiralButterfly.CrtLibEntity.SetAryFire(System.Collections.ArrayList@)">
	<summary>
 発射情報のSetter
 </summary>
	<param name="prm_aryFire"></param>
	<remarks></remarks>
</member><member name="M:SpiralButterfly.CrtLibEntity.GetAryFire">
	<summary>
 発射情報のGetter
 </summary>
	<returns></returns>
	<remarks></remarks>
</member><member name="T:SpiralButterfly.CrtLibEntity">
	<summary>
 クリーチャーライブラリエンティティ
 </summary>
	<remarks></remarks>
</member><member name="F:SpiralButterfly.DaoForJet.Cn">
	<summary>
 コネクション
 </summary>
	<remarks></remarks>
</member><member name="F:SpiralButterfly.DaoForJet.Tran">
	<summary>
 トランザクションオブジェクト
 </summary>
	<remarks></remarks>
</member><member name="M:SpiralButterfly.DaoForJet.#ctor(System.String)">
	<summary>
 コンストラクタ。MDBファイル名を指定する
 </summary>
	<param name="prm_mdbFileName">MDBファイル名（パス付き）</param>
	<remarks></remarks>
</member><member name="M:SpiralButterfly.DaoForJet.connection(System.String@)">
	<summary>
 DBに接続する
 </summary>
	<param name="cnStr">DB接続文字列</param>
	<remarks></remarks>
</member><member name="M:SpiralButterfly.DaoForJet.open">
	<summary>
 DBを開く
 </summary>
	<remarks></remarks>
</member><member name="M:SpiralButterfly.DaoForJet.transactStart">
	<summary>
 トランザクションスタート
 </summary>
	<remarks></remarks>
</member><member name="M:SpiralButterfly.DaoForJet.commit">
	<summary>
 コミット
 </summary>
	<remarks></remarks>
</member><member name="M:SpiralButterfly.DaoForJet.rollback">
	<summary>
 ロールバック
 </summary>
	<remarks></remarks>
</member><member name="M:SpiralButterfly.DaoForJet.close">
	<summary>
 DBを閉じる
 </summary>
	<remarks></remarks>
</member><member name="M:SpiralButterfly.DaoForJet.getDataSet(System.String@)">
	<summary>
 DBからデータセットを取得する
 </summary>
	<param name="sql">SQL（SELECT文）</param>
	<returns>データセット</returns>
	<remarks></remarks>
</member><member name="M:SpiralButterfly.DaoForJet.getMarkupStr(System.String@,System.String@,System.String@)">
	<summary>
 マークアップされた文字列を取得する
 </summary>
	<param name="tarStr"></param>
	<param name="startMarkStr"></param>
	<param name="endMarkStr"></param>
	<returns></returns>
	<remarks></remarks>
</member><member name="M:SpiralButterfly.DaoForJet.excuteSQL(System.String@)">
	<summary>
 SQLを実行する（更新系）
 </summary>
	<param name="sql">SQL文(Update,Insert,Delte)</param>
	<remarks></remarks>
</member><member name="M:SpiralButterfly.DaoForJet.updataeDataSet(System.String@,System.Data.DataSet@)">
	<summary>
 データセットをDBに更新する
 </summary>
	<param name="strDbTable">DBテーブル名</param>
	<param name="dtSet">更新するデータセット</param>
	<remarks></remarks>
</member><member name="M:SpiralButterfly.DaoForJet.getDataSetForTable(System.String@)">
	<summary>
 テーブル名を指定してデータセットを取得する。
 </summary>
	<param name="tableName">テーブル名</param>
	<returns></returns>
	<remarks></remarks>
</member><member name="M:SpiralButterfly.DaoForJet.getTableNameList">
	<summary>
 テーブル名の一覧を取得する。
 </summary>
	<returns></returns>
	<remarks></remarks>
</member><member name="M:SpiralButterfly.DaoForJet.Finalize">
	<summary>
 デストラクタ。コネクションの後処理をする
 </summary>
	<remarks></remarks>
</member><member name="T:SpiralButterfly.DaoForJet">
	<summary>
 DaoForJet
 </summary>
	<remarks>
 ☆概要
 mdbデータベース用ＤＡＯ
 ☆履歴
 2006/08/03　新規作成
 2008/01/18  大幅な変更を加える。DaoBaseを統合。IDaoを実装
 </remarks>
</member><member name="F:SpiralButterfly.FormMain.app">
	<summary>
 アプリケーションコンテナ
 </summary>
	<remarks></remarks>
</member><member name="F:SpiralButterfly.FormMain.gMst">
	<summary>
 ゲームマスター
 </summary>
	<remarks></remarks>
</member><member name="F:SpiralButterfly.FormMain.m_BTicks">
	<summary>
 前回の時間
 </summary>
	<remarks></remarks>
</member><member name="F:SpiralButterfly.FormMain.dxG">
	<summary>
 DirectXグラフィック制御
 </summary>
	<remarks></remarks>
</member><member name="M:SpiralButterfly.FormMain.Form1_Load(System.Object,System.EventArgs)">
	<summary>
 フォームロード
 </summary>
	<param name="sender"></param>
	<param name="e"></param>
	<remarks></remarks>
</member><member name="M:SpiralButterfly.FormMain.mainLoopHook">
	<summary>
 メインループ
 </summary>
	<remarks></remarks>
</member><member name="F:SpiralButterfly.AL_AimDirectionAngle.CST_ROUND">
	<summary>
 丸め数値
 </summary>
	<remarks>オーバフロー防止のため</remarks>
</member><member name="M:SpiralButterfly.AL_AimDirectionAngle.GetAng(SpiralButterfly.Creture@,SpiralButterfly.Creture@)">
	<summary>
 目標方向角度を取得　An aim direction angle
 </summary>
	<param name="crt"></param>
	<param name="tarCrt"></param>
	<returns></returns>
	<remarks>目標クリーチャーのいる方角を求める</remarks>
</member><member name="T:SpiralButterfly.AL_AimDirectionAngle">
	<summary>
 目標方向角度を取得　An aim direction angle
 </summary>
	<remarks>目標クリーチャーのいる方角を求める</remarks>
</member><member name="F:SpiralButterfly.DrawCretures.aryCrt">
	<summary>
 クリーチャーリスト
 </summary>
	<remarks></remarks>
</member><member name="F:SpiralButterfly.DrawCretures.dxg">
	<summary>
 描画オブジェクト
 </summary>
	<remarks></remarks>
</member><member name="M:SpiralButterfly.DrawCretures.Draw">
	<summary>
 登場しているすべてのクリーチャーを描画する
 </summary>
	<remarks></remarks>
</member><member name="T:SpiralButterfly.DrawCretures">
	<summary>
 クリーチャーを描画する
 </summary>
	<remarks></remarks>
</member><member name="M:SpiralButterfly.IHeroParameter.Update">
	<summary>
 情報を更新する
 </summary>
	<remarks></remarks>
</member><member name="M:SpiralButterfly.IHeroParameter.Draw(System.Drawing.PointF@)">
	<summary>
 パラメータを描画する
 </summary>
	<remarks></remarks>
</member><member name="T:SpiralButterfly.IHeroParameter">
	<summary>
 主人公パラメータのインターフェース
 </summary>
	<remarks></remarks>
</member><member name="M:SpiralButterfly.CL_CollEntControl.SetData(SpiralButterfly.CrtLibEntity[]@,SpiralButterfly.IDao@)">
	<summary>
 クリーチャーエンティティ配列にCrt衝突情報をセットする。
 </summary>
	<param name="clEnt"></param>
	<param name="dao"></param>
	<remarks></remarks>
</member><member name="T:SpiralButterfly.CL_CollEntControl">
	<summary>
 クリーチャーライブラリ衝突情報を制御する
 </summary>
	<remarks></remarks>
</member><member name="M:SpiralButterfly.Module1.ErrMsg(System.String@,System.String@,System.String@,System.Exception@)">
	<summary>
 共通エラー出力
 </summary>
	<param name="className">エラークラス名</param>
	<param name="MethodName">エラーメソッド</param>
	<param name="msg">メッセージ</param>
	<param name="ex">例外</param>
	<remarks>エラーメッセージを出力する共通処理</remarks>
</member><member name="M:SpiralButterfly.Module1.LogPrint(System.String@)">
	<summary>
 共通ログ出力
 </summary>
	<param name="msg">メッセージ</param>
	<remarks></remarks>
</member><member name="F:SpiralButterfly.DynamicAppZakoEntity.AryAppPoint">
	<summary>
 出現方面配列
 </summary>
	<remarks>上下左右のいずれかからザコを出現させる</remarks>
</member><member name="T:SpiralButterfly.DynamicAppZakoEntity">
	<summary>
 動的出現雑魚エンティティ
 </summary>
	<remarks></remarks>
</member><member name="M:SpiralButterfly.StageEntity.SetAryAppZako(System.Collections.ArrayList@)">
	<summary>
 自動出現雑魚リストのＳｅｔｔｅｒ
 </summary>
	<remarks></remarks>
</member><member name="M:SpiralButterfly.StageEntity.GetAryAppZako">
	<summary>
 自動雑魚出現リストのＧｅｔｔｅｒ
 </summary>
	<returns></returns>
	<remarks></remarks>
</member><member name="T:SpiralButterfly.StageEntity">
	<summary>
 ステージエンティティ
 </summary>
	<remarks></remarks>
</member><member name="F:SpiralButterfly.AppContainer.mySelf">
	<summary>
 自分自身のインスタンス
 </summary>
	<remarks>シングルトンパターンを適用</remarks>
</member><member name="F:SpiralButterfly.AppContainer.prg">
	<summary>
 進捗コントロール
 </summary>
	<remarks>メンバオブジェクトのインスタンス生成状況を進捗表示するのに使う</remarks>
</member><member name="M:SpiralButterfly.AppContainer.getInstance">
	<summary>
 当クラスのインスタンスを返す。
 </summary>
	<returns></returns>
	<remarks></remarks>
</member><member name="M:SpiralButterfly.AppContainer.close">
	<summary>
 このオブジェクトを破棄する
 </summary>
	<remarks></remarks>
</member><member name="F:SpiralButterfly.AppContainer.prpCom">
	<summary>
 共通プロパティ
 </summary>
	<remarks></remarks>
</member><member name="F:SpiralButterfly.AppContainer.MainSize">
	<summary>
 メインサイズ
 </summary>
	<remarks></remarks>
</member><member name="F:SpiralButterfly.AppContainer.OutSize">
	<summary>
 画面外範囲
 </summary>
	<remarks></remarks>
</member><member name="F:SpiralButterfly.AppContainer.dao">
	<summary>
 JET DAOオブジェクト
 </summary>
	<remarks></remarks>
</member><member name="F:SpiralButterfly.AppContainer.dxg">
	<summary>
 DXグラフィック制御
 </summary>
	<remarks></remarks>
</member><member name="F:SpiralButterfly.AppContainer.efSnd">
	<summary>
 効果音制御
 </summary>
	<remarks></remarks>
</member><member name="F:SpiralButterfly.AppContainer.dxInp">
	<summary>
 Dx入力制御
 </summary>
	<remarks></remarks>
</member><member name="F:SpiralButterfly.AppContainer.pid">
	<summary>
 プレイヤー入力情報
 </summary>
	<remarks></remarks>
</member><member name="F:SpiralButterfly.AppContainer.stgCon">
	<summary>
 ステージ制御
 </summary>
	<remarks></remarks>
</member><member name="F:SpiralButterfly.AppContainer.CrtLib">
	<summary>
 クリーチャーライブラリ
 </summary>
	<remarks></remarks>
</member><member name="F:SpiralButterfly.AppContainer.CrtCon">
	<summary>
 クリーチャー制御
 </summary>
	<remarks></remarks>
</member><member name="F:SpiralButterfly.AppContainer.HPrmCon">
	<summary>
 主人公パラメータ制御
 </summary>
	<remarks></remarks>
</member><member name="F:SpiralButterfly.AppContainer.gm">
	<summary>
 ゲームマスター
 </summary>
	<remarks></remarks>
</member><member name="F:SpiralButterfly.AppContainer.fmMain">
	<summary>
 メインフォーム
 </summary>
	<remarks></remarks>
</member><member name="M:SpiralButterfly.AppContainer.GetDao">
	<summary>
 daoのゲッター
 </summary>
	<returns>DBフラグの値により返すDAOは変わる</returns>
	<remarks></remarks>
</member><member name="M:SpiralButterfly.AppContainer.UpdatePlayerInputData">
	<summary>
 プレイヤー入力情報の更新
 </summary>
	<remarks></remarks>
</member><member name="T:SpiralButterfly.AppContainer">
	<summary>
 アプリケーションコンテナ
 </summary>
	<remarks>
 ☆概要
 　アプリケーションレベルでのスコープ。
 　アプリケーションレベルでオブジェクトを保持する。
 　グローバル変数のような扱い。
 　シングルトンパターンを利用している。
 ☆履歴
 2006/06/27　新規作成
 2007/10/16　Ｄａｏをメンバに追加。アクセサメソッドもついでに追加
 2008/01/18  DIContainerからAppContainerにクラス名を変更。daoの変更
 2008/06/04  螺旋蝶用に改造
 </remarks>
</member><member name="F:SpiralButterfly.ActionDoc.ActId">
	<summary>
 アクションID
 </summary>
	<remarks></remarks>
</member><member name="F:SpiralButterfly.ActionDoc.ParActId">
	<summary>
 親アクションID
 </summary>
	<remarks></remarks>
</member><member name="M:SpiralButterfly.ActionDoc.SetActId(System.Int32)">
	<summary>
 アクションIDの切り替え
 </summary>
	<param name="prm_actId"></param>
	<remarks></remarks>
</member><member name="T:SpiralButterfly.AL_FireBeam">
	<summary>
 光線発射
 </summary>
	<remarks></remarks>
</member><member name="F:SpiralButterfly.HeroParameterControl.StgCon">
	<summary>
 ステージ制御
 </summary>
	<remarks></remarks>
</member><member name="F:SpiralButterfly.HeroParameterControl.CrtCon">
	<summary>
 クリーチャー制御
 </summary>
	<remarks></remarks>
</member><member name="F:SpiralButterfly.HeroParameterControl.HpHp">
	<summary>
 HPパラメータ
 </summary>
	<remarks></remarks>
</member><member name="F:SpiralButterfly.HeroParameterControl.HpTk">
	<summary>
 得点パラメータ
 </summary>
	<remarks></remarks>
</member><member name="M:SpiralButterfly.HeroParameterControl.Init(SpiralButterfly.StageControl@,SpiralButterfly.CrtControl@)">
	<summary>
 初期化
 </summary>
	<param name="prm_stgCon"></param>
	<param name="prm_crtCon"></param>
	<remarks></remarks>
</member><member name="M:SpiralButterfly.HeroParameterControl.Update">
	<summary>
 主人公パラメータ情報を更新する
 </summary>
	<remarks></remarks>
</member><member name="M:SpiralButterfly.HeroParameterControl.Draw">
	<summary>
 主人公パラメータを描画する
 </summary>
	<remarks></remarks>
</member><member name="M:SpiralButterfly.HeroParameterControl.TokutenAdd(System.Int32)">
	<summary>
 得点追加
 </summary>
	<param name="tokuten"></param>
	<remarks></remarks>
</member><member name="M:SpiralButterfly.HeroParameterControl.GetTokuten">
	<summary>
 得点を取得する
 </summary>
	<returns></returns>
	<remarks></remarks>
</member><member name="T:SpiralButterfly.HeroParameterControl">
	<summary>
 主人公パラメータ制御
 </summary>
	<remarks></remarks>
</member><member name="F:SpiralButterfly.HPrmHP.Dxg">
	<summary>
 DirectXグラフィック制御
 </summary>
	<remarks></remarks>
</member><member name="T:SpiralButterfly.HPrmHP.Part">
	<summary>
 オブジェクトパーツ構造体
 </summary>
	<remarks></remarks>
</member><member name="F:SpiralButterfly.HPrmHP.DIR_PATH">
	<summary>
 テクスチャーファイルのパス
 </summary>
	<remarks></remarks>
</member><member name="F:SpiralButterfly.HPrmHP.HpBarWidth">
	<summary>
 HPバーの長さ
 </summary>
	<remarks></remarks>
</member><member name="F:SpiralButterfly.HPrmHP.com">
	<summary>
 共通ロジック
 </summary>
	<remarks></remarks>
</member><member name="M:SpiralButterfly.HPrmHP.Update">
	<summary>
 情報更新
 </summary>
	<remarks></remarks>
</member><member name="M:SpiralButterfly.HPrmHP.Draw(System.Drawing.PointF@)">
	<summary>
 描画
 </summary>
	<param name="pt"></param>
	<remarks></remarks>
</member><member name="T:SpiralButterfly.HPrmHP">
	<summary>
 HP主人公パラメータ
 </summary>
	<remarks></remarks>
</member><member name="F:SpiralButterfly.PropertyCommon.m_dtSet">
	<summary>
 プロパティ情報
 </summary>
	<remarks></remarks>
</member><member name="F:SpiralButterfly.PropertyCommon.m_DtRow">
	<summary>
 プロパティ行
 </summary>
	<remarks>プロパティ情報に属する行</remarks>
</member><member name="F:SpiralButterfly.PropertyCommon.TBL_KEY">
	<summary>
 テーブルキー
 </summary>
	<remarks></remarks>
</member><member name="F:SpiralButterfly.PropertyCommon.MDB_FLNM">
	<summary>
 MDBファイル名
 </summary>
	<remarks></remarks>
</member><member name="F:SpiralButterfly.PropertyCommon.EXC_DATE">
	<summary>
 実行日付
 </summary>
	<remarks></remarks>
</member><member name="F:SpiralButterfly.PropertyCommon.DB_FLG">
	<summary>
 DBフラグ
 </summary>
	<remarks></remarks>
</member><member name="F:SpiralButterfly.PropertyCommon.DB_FLG_JET">
	<summary>
 DB_FLGの値でJET（ACCESS)データベースを指す
 </summary>
	<remarks></remarks>
</member><member name="F:SpiralButterfly.PropertyCommon.DB_FLG_ODBC">
	<summary>
 DB_FLGの値でODBCを指す
 </summary>
	<remarks></remarks>
</member><member name="M:SpiralButterfly.PropertyCommon.getInstance">
	<summary>
 このクラスのインスタンスを取得する。
 </summary>
	<returns>このクラスのインスタンス</returns>
	<remarks>シングルトンパターンを適用</remarks>
</member><member name="M:SpiralButterfly.PropertyCommon.#ctor(System.String)">
	<summary>
 プライベートコンストラクタ
 </summary>
	<param name="xmlFlNm">xmlファイルパス</param>
	<remarks>シングルトンパターンを適用</remarks>
</member><member name="M:SpiralButterfly.PropertyCommon.dataSetDefinition">
	<summary>
 データセットの構成と初期化
 </summary>
	<returns></returns>
	<remarks>このクラスの基本クラスで利用</remarks>
</member><member name="P:SpiralButterfly.PropertyCommon.MdbFlNm">
	<summary>
 MDBファイル名のプロパティ
 </summary>
	<value></value>
	<returns></returns>
	<remarks></remarks>
</member><member name="P:SpiralButterfly.PropertyCommon.ExcDate">
	<summary>
 実行日付のプロパティ
 </summary>
	<value></value>
	<returns></returns>
	<remarks></remarks>
</member><member name="P:SpiralButterfly.PropertyCommon.DbFlg">
	<summary>
 DBフラグのプロパティ
 </summary>
	<value></value>
	<returns></returns>
	<remarks></remarks>
</member><member name="T:SpiralButterfly.PropertyCommon">
	<summary>
 共通プロパティ。PropertyCommon
 </summary>
	<remarks>
 ☆概要
 アプリケーション全体で使用する共通プロパティ。
 XMLでこのプロパティは記録される
 ☆履歴
 2007/05/04　新規作成
 2007/05/15　プロパティに処理日付を追加する。
 2008/01/18  DBフラグを追加。
 </remarks>
</member><member name="T:SpiralButterfly.PointHypAng">
	<summary>
 座標を角度と距離で表すためのデータ。
 </summary>
	<remarks></remarks>
</member><member name="F:SpiralButterfly.ActionControl.aryAction">
	<summary>
 アクションリスト
 </summary>
	<remarks></remarks>
</member><member name="F:SpiralButterfly.ActionControl.ACTION_CNT">
	<summary>
 アクション数
 </summary>
	<remarks></remarks>
</member><member name="F:SpiralButterfly.ActionControl.StgCon">
	<summary>
 ステージ制御
 </summary>
	<remarks></remarks>
</member><member name="F:SpiralButterfly.ActionControl.CrtCon">
	<summary>
 クリーチャー制御
 </summary>
	<remarks></remarks>
</member><member name="F:SpiralButterfly.ActionControl.HPrmCon">
	<summary>
 主人公パラメータ制御
 </summary>
	<remarks></remarks>
</member><member name="F:SpiralButterfly.ActionControl.com">
	<summary>
 アクション共通ロジック
 </summary>
	<remarks></remarks>
</member><member name="M:SpiralButterfly.ActionControl.Init(SpiralButterfly.StageControl@,SpiralButterfly.CrtControl@,SpiralButterfly.HeroParameterControl@)">
	<summary>
 初期化
 </summary>
	<remarks></remarks>
</member><member name="M:SpiralButterfly.ActionControl.Action(SpiralButterfly.Creture@)">
	<summary>
 クリーチャーのアクション
 </summary>
	<param name="crt"></param>
	<remarks></remarks>
</member><member name="F:SpiralButterfly.collHBeamZako.com">
	<summary>
 共通ロジック
 </summary>
	<remarks></remarks>
</member><member name="M:SpiralButterfly.collHBeamZako.Collision(SpiralButterfly.Creture@,SpiralButterfly.CrtCollisionEntity@,SpiralButterfly.Creture@,SpiralButterfly.CrtCollisionEntity@)">
	<summary>
 主人公光線とザコの衝突処理
 </summary>
	<param name="crtHBeam"></param>
	<param name="coll1"></param>
	<param name="crtZako"></param>
	<param name="coll2"></param>
	<remarks></remarks>
</member><member name="M:SpiralButterfly.ICollision.Collision(SpiralButterfly.Creture@,SpiralButterfly.CrtCollisionEntity@,SpiralButterfly.Creture@,SpiralButterfly.CrtCollisionEntity@)">
	<summary>
 衝突処理
 </summary>
	<param name="crt1"></param>
	<param name="crt2"></param>
	<remarks></remarks>
</member><member name="T:SpiralButterfly.ICollision">
	<summary>
 衝突判定インターフェース
 </summary>
	<remarks></remarks>
</member><member name="F:SpiralButterfly.HPrmCommon.StgCon">
	<summary>
 ステージ制御
 </summary>
	<remarks></remarks>
</member><member name="F:SpiralButterfly.HPrmCommon.CrtCon">
	<summary>
 クリーチャー制御
 </summary>
	<remarks></remarks>
</member><member name="F:SpiralButterfly.HPrmCommon.HPrmCon">
	<summary>
 主人公パラメータ制御
 </summary>
	<remarks></remarks>
</member><member name="F:SpiralButterfly.HPrmCommon.HeroEntryId">
	<summary>
 主人公の登場番号
 </summary>
	<remarks></remarks>
</member><member name="M:SpiralButterfly.HPrmCommon.Init(SpiralButterfly.StageControl@,SpiralButterfly.CrtControl@,SpiralButterfly.HeroParameterControl@)">
	<summary>
 初期化
 </summary>
	<param name="prm_stgCon"></param>
	<param name="prm_crtCon"></param>
	<remarks></remarks>
</member><member name="M:SpiralButterfly.HPrmCommon.GetHeroCreture">
	<summary>
 クリーチャー情報を取得する
 </summary>
	<returns></returns>
	<remarks></remarks>
</member><member name="M:SpiralButterfly.HPrmCommon.GetTokuten">
	<summary>
 現在の得点を取得する
 </summary>
	<returns></returns>
	<remarks></remarks>
</member><member name="T:SpiralButterfly.HPrmCommon">
	<summary>
 主人公パラメータ共通ロジック
 </summary>
	<remarks></remarks>
</member><member name="F:SpiralButterfly.DXG_TextDraw.dev">
	<summary>
 グラフィックデバイス
 </summary>
	<remarks></remarks>
</member><member name="F:SpiralButterfly.DXG_TextDraw.m_font">
	<summary>
 Direct3D 用フォント
 </summary>
	<remarks></remarks>
</member><member name="F:SpiralButterfly.DXG_TextDraw.m_fontHeight">
	<summary>
 文字の高さ
 </summary>
	<remarks></remarks>
</member><member name="F:SpiralButterfly.DXG_TextDraw.m_fontWidth">
	<summary>
 文字幅
 </summary>
	<remarks></remarks>
</member><member name="F:SpiralButterfly.DXG_TextDraw.m_Italic">
	<summary>
 イタリック体
 </summary>
	<remarks></remarks>
</member><member name="M:SpiralButterfly.DXG_TextDraw.#ctor(Microsoft.DirectX.Direct3D.Device@)">
	<summary>
 コンストラクタ
 </summary>
	<param name="prm_dev"></param>
	<remarks></remarks>
</member><member name="M:SpiralButterfly.DXG_TextDraw.FontSetting">
	<summary>
 フォントの設定と生成
 </summary>
	<remarks></remarks>
</member><member name="M:SpiralButterfly.DXG_TextDraw.DrawText(System.String@,System.Drawing.Point@,System.Drawing.Color@)">
	<summary>
 文字を表示する
 </summary>
	<param name="msg">出力する文字</param>
	<param name="pt">出力する座標</param>
	<param name="colors">文字の色</param>
	<remarks>
	</remarks>
</member><member name="M:SpiralButterfly.DXG_TextDraw.DrawText(System.String@,System.Drawing.Rectangle@,System.Drawing.Color@)">
	<summary>
 文字を表示する
 </summary>
	<param name="msg">出力する文字</param>
	<param name="rec">短冊</param>
	<param name="colors">文字の色</param>
	<remarks>
 短冊中の左上に文字を表示する
 </remarks>
</member><member name="M:SpiralButterfly.DXG_TextDraw.DrawTextRight(System.String@,System.Drawing.Rectangle@,System.Drawing.Color@)">
	<summary>
 右詰で文字を表示する
 </summary>
	<param name="msg"></param>
	<param name="rec"></param>
	<param name="colors"></param>
	<remarks></remarks>
</member><member name="P:SpiralButterfly.DXG_TextDraw.FontHeight">
	<summary>
 文字の高さのプロパティ
 </summary>
	<value></value>
	<returns></returns>
	<remarks></remarks>
</member><member name="P:SpiralButterfly.DXG_TextDraw.FontWidth">
	<summary>
 文字幅のプロパティ
 </summary>
	<value></value>
	<returns></returns>
	<remarks></remarks>
</member><member name="P:SpiralButterfly.DXG_TextDraw.Itaric">
	<summary>
 イタリック体のプロパティ
 </summary>
	<value></value>
	<returns></returns>
	<remarks></remarks>
</member><member name="T:SpiralButterfly.DXG_TextDraw">
	<summary>
 DirectXグラフィックを利用して文字列描画を行う
 </summary>
	<remarks>
 ☆概要
 DirectXグラフィックを利用して文字列描画を行う
 ☆履歴
 2008/05/29　新規作成
 </remarks>
</member><member name="M:SpiralButterfly.TimeMeasure.Measure(System.String@)">
	<summary>
 時間測定
 </summary>
	<param name="msg"></param>
	<remarks></remarks>
</member><member name="M:SpiralButterfly.TimeMeasure.GetRecordList">
	<summary>
 記録リストを取得する
 </summary>
	<returns></returns>
	<remarks></remarks>
</member><member name="T:SpiralButterfly.TimeMeasure">
	<summary>
 時間測定
 </summary>
	<remarks>処理にかかった時間を取得する</remarks>
</member><member name="T:SpiralButterfly.CrtGrpConst">
	<summary>
 グループ番号の定数
 </summary>
	<remarks></remarks>
</member><member name="F:SpiralButterfly.DynamicAppZakoEntryPoint.StgCon">
	<summary>
 ステージ制御
 </summary>
	<remarks></remarks>
</member><member name="F:SpiralButterfly.DynamicAppZakoEntryPoint.CrtCon">
	<summary>
 クリーチャー制御
 </summary>
	<remarks></remarks>
</member><member name="F:SpiralButterfly.DynamicAppZakoEntryPoint.RBPt">
	<summary>
 右下地点の座標
 </summary>
	<remarks></remarks>
</member><member name="F:SpiralButterfly.DynamicAppZakoEntryPoint.LUPt">
	<summary>
 左上地点の座標
 </summary>
	<remarks></remarks>
</member><member name="M:SpiralButterfly.DynamicAppZakoEntryPoint.AppPointSet(System.Int32,SpiralButterfly.Creture@)">
	<summary>
 出現位置をセット
 </summary>
	<remarks></remarks>
</member><member name="M:SpiralButterfly.DynamicAppZakoEntryPoint.rnd2(System.Single@,System.Single@)">
	<summary>
 最小値以上、最大値未満の値を返す
 </summary>
	<param name="upperbound"></param>
	<param name="lowerbound"></param>
	<returns></returns>
	<remarks></remarks>
</member><member name="M:SpiralButterfly.DynamicAppZakoEntryPoint.Init(SpiralButterfly.StageControl@,SpiralButterfly.CrtControl@)">
	<summary>
 初期化
 </summary>
	<param name="prm_stageControl"></param>
	<param name="prm_crtControl"></param>
	<remarks></remarks>
</member><member name="T:SpiralButterfly.DynamicAppZakoEntryPoint">
	<summary>
 動的ザコ出現位置決定機能
 </summary>
	<remarks></remarks>
</member><member name="F:SpiralButterfly.CrtLibraly.crtLibEntitys">
	<summary>
 クリーチャーライブラリ情報(CrtLib情報)
 </summary>
	<remarks></remarks>
</member><member name="F:SpiralButterfly.CrtLibraly.CST_CRTTEX_PATH">
	<summary>
 テクスチャーファイルパス
 </summary>
	<remarks></remarks>
</member><member name="M:SpiralButterfly.CrtLibraly.Load">
	<summary>
 クリーチャーエンティティ配列をDBから読み込む
 </summary>
	<remarks></remarks>
</member><member name="M:SpiralButterfly.CrtLibraly.SetBaseData(SpiralButterfly.CrtLibEntity[]@,SpiralButterfly.IDao@,SpiralButterfly.DxGraphicControl@)">
	<summary>
 クリーチャーエンティティ配列にCrt基本情報をセットする。
 </summary>
	<param name="clEnts"></param>
	<param name="dao"></param>
	<remarks></remarks>
</member><member name="M:SpiralButterfly.CrtLibraly.GetMaxIndex(SpiralButterfly.IDao@)">
	<summary>
 最大要素数を取得する
 </summary>
	<param name="dao"></param>
	<returns></returns>
	<remarks></remarks>
</member><member name="M:SpiralButterfly.CrtLibraly.GetCrtLibEntity(System.Int32)">
	<summary>
 クリーチャーライブラリエンティティを取得する
 </summary>
	<param name="crtId"></param>
	<returns></returns>
	<remarks></remarks>
</member><member name="T:SpiralButterfly.CrtLibraly">
	<summary>
 クリーチャーライブラリ
 </summary>
	<remarks></remarks>
</member><member name="F:SpiralButterfly.Creture.actDocDt">
	<summary>
 アクション書類情報
 </summary>
	<remarks></remarks>
</member><member name="F:SpiralButterfly.Creture.aryColl">
	<summary>
 衝突情報
 </summary>
	<remarks></remarks>
</member><member name="F:SpiralButterfly.Creture.aryFire">
	<summary>
 発射情報
 </summary>
	<remarks></remarks>
</member><member name="F:SpiralButterfly.Creture.tex">
	<summary>
 テクスチャー
 </summary>
	<remarks></remarks>
</member><member name="M:SpiralButterfly.Creture.Init">
	<summary>
 データ初期化
 </summary>
	<remarks></remarks>
</member><member name="M:SpiralButterfly.Creture.GetAryColl">
	<summary>
 衝突情報のＧｅｔｔｅｒ
 </summary>
	<returns></returns>
	<remarks></remarks>
</member><member name="M:SpiralButterfly.Creture.GetAryFire">
	<summary>
 発射情報のＧｅｔｔｅｒ
 </summary>
	<returns></returns>
	<remarks></remarks>
</member><member name="M:SpiralButterfly.Creture.SetTexture(Microsoft.DirectX.Direct3D.Texture@)">
	<summary>
 テクスチャーのＳｅｔｔｅｒ
 </summary>
	<param name="prm_tex"></param>
	<remarks></remarks>
</member><member name="M:SpiralButterfly.Creture.GetTexture">
	<summary>
 テクスチャーのＧｅｔｔｅｒ
 </summary>
	<returns></returns>
	<remarks></remarks>
</member><member name="M:SpiralButterfly.Creture.SetActDoc(SpiralButterfly.ActionDoc@)">
	<summary>
 アクション書類のSetter
 </summary>
	<param name="actDoc"></param>
	<remarks></remarks>
</member><member name="M:SpiralButterfly.Creture.GetActDoc">
	<summary>
 アクション書類のGetter
 </summary>
	<returns></returns>
	<remarks></remarks>
</member><member name="T:SpiralButterfly.Creture">
	<summary>
 クリーチャークラス
 </summary>
	<remarks></remarks>
</member><member name="F:SpiralButterfly.CretureEntry.CrtLib">
	<summary>
 クリーチャーライブラリ
 </summary>
	<remarks></remarks>
</member><member name="F:SpiralButterfly.CretureEntry.aryCrt">
	<summary>
 クリーチャーリスト
 </summary>
	<remarks></remarks>
</member><member name="M:SpiralButterfly.CretureEntry.Entry(System.Int32,System.Drawing.PointF@)">
	<summary>
 クリーチャー登場
 </summary>
	<param name="crtId"></param>
	<param name="p0"></param>
	<remarks>ゲーム中に指定のクリーチャーを登場させる</remarks>
</member><member name="M:SpiralButterfly.CretureEntry.SetFireData(SpiralButterfly.CrtLibEntity@,SpiralButterfly.Creture@)">
	<summary>
 発射情報をクリーチャー情報にセットする
 </summary>
	<param name="clEnt"></param>
	<param name="crt"></param>
	<remarks></remarks>
</member><member name="M:SpiralButterfly.CretureEntry.SetCollData(SpiralButterfly.CrtLibEntity@,SpiralButterfly.Creture@)">
	<summary>
 衝突情報をクリーチャー情報にセットする
 </summary>
	<param name="clEnt"></param>
	<param name="crt"></param>
	<remarks></remarks>
</member><member name="M:SpiralButterfly.CretureEntry.GetEntryNo(System.Int32)">
	<summary>
 登場クリーチャー情報から空の登場番号を取得する
 </summary>
	<param name="grpId">グループＩＤ</param>
	<returns>登場番号</returns>
	<remarks>空きが見つからない場合は登場番号は-1となる。</remarks>
</member><member name="T:SpiralButterfly.CretureEntry">
	<summary>
 クリーチャーを出現させる
 </summary>
	<remarks></remarks>
</member><member name="M:SpiralButterfly.DxMidi.Play(System.String@)">
	<summary>
 再生する。
 </summary>
	<param name="midiFlNm">再生するＭｉｄｉファイル名</param>
	<remarks></remarks>
</member><member name="M:SpiralButterfly.DxMidi.Audio_Ending(System.Object,System.EventArgs)">
	<summary>
 曲終わりイベント
 </summary>
	<param name="sender"></param>
	<param name="e"></param>
	<remarks>ループのための処理</remarks>
</member><member name="T:SpiralButterfly.DxMidi">
	<summary>
 DirectX ＭＩＤＩ制御
 </summary>
	<remarks>
 ☆概要
 MIDIをループ再生する
 音楽の切り替えもPlayメソッドにファイル名を指定するだけでよい。
 ☆履歴
 2008/06/09　新規作成
 </remarks>
</member><member name="F:SpiralButterfly.ActionKanabun1.acl">
	<summary>
 アクション共通ロジック
 </summary>
	<remarks></remarks>
</member><member name="F:SpiralButterfly.HPrmTokuten.Dxg">
	<summary>
 DirectXグラフィック制御
 </summary>
	<remarks></remarks>
</member><member name="T:SpiralButterfly.HPrmTokuten.Part">
	<summary>
 オブジェクトパーツ構造体
 </summary>
	<remarks></remarks>
</member><member name="F:SpiralButterfly.HPrmTokuten.BackPart">
	<summary>
 背景パーツ
 </summary>
	<remarks></remarks>
</member><member name="F:SpiralButterfly.HPrmTokuten.TokutenPart">
	<summary>
 得点パーツ
 </summary>
	<remarks></remarks>
</member><member name="F:SpiralButterfly.HPrmTokuten.WakuPart">
	<summary>
 枠パーツ
 </summary>
	<remarks></remarks>
</member><member name="F:SpiralButterfly.HPrmTokuten.Tokuten">
	<summary>
 得点
 </summary>
	<remarks></remarks>
</member><member name="F:SpiralButterfly.HPrmTokuten.DIR_PATH">
	<summary>
 テクスチャーファイルのパス
 </summary>
	<remarks></remarks>
</member><member name="F:SpiralButterfly.HPrmTokuten.com">
	<summary>
 共通ロジック
 </summary>
	<remarks></remarks>
</member><member name="M:SpiralButterfly.HPrmTokuten.Update">
	<summary>
 情報更新
 </summary>
	<remarks></remarks>
</member><member name="M:SpiralButterfly.HPrmTokuten.Draw(System.Drawing.PointF@)">
	<summary>
 描画
 </summary>
	<param name="pt"></param>
	<remarks></remarks>
</member><member name="T:SpiralButterfly.HPrmTokuten">
	<summary>
 HP主人公パラメータ
 </summary>
	<remarks></remarks>
</member><member name="F:SpiralButterfly.StageControl.ActiveStageId">
	<summary>
 現在のステージID
 </summary>
	<remarks></remarks>
</member><member name="F:SpiralButterfly.StageControl.stgEnts">
	<summary>
 ステージ情報
 </summary>
	<remarks></remarks>
</member><member name="F:SpiralButterfly.StageControl.daz">
	<summary>
 動的雑魚出現機能
 </summary>
	<remarks></remarks>
</member><member name="F:SpiralButterfly.StageControl.CrtCon">
	<summary>
 クリーチャー制御
 </summary>
	<remarks></remarks>
</member><member name="M:SpiralButterfly.StageControl.Load">
	<summary>
 ステージ情報の読み込み
 </summary>
	<remarks></remarks>
</member><member name="M:SpiralButterfly.StageControl.SetCrtControl(SpiralButterfly.CrtControl@)">
	<summary>
 クリーチャー制御のSetter
 </summary>
	<param name="prm_CrtControl"></param>
	<remarks></remarks>
</member><member name="M:SpiralButterfly.StageControl.GetMaxIndex(SpiralButterfly.IDao@)">
	<summary>
 最大要素数を取得する
 </summary>
	<param name="dao"></param>
	<returns></returns>
	<remarks></remarks>
</member><member name="M:SpiralButterfly.StageControl.LoadBaseData(SpiralButterfly.IDao@)">
	<summary>
 基本ステージ情報をセット
 </summary>
	<param name="dao"></param>
	<remarks></remarks>
</member><member name="M:SpiralButterfly.StageControl.LoadAppZakoList(SpiralButterfly.IDao@)">
	<summary>
 動的出現雑魚リストを読込む
 </summary>
	<param name="dao"></param>
	<remarks></remarks>
</member><member name="M:SpiralButterfly.StageControl.GetStageEntity(System.Int32)">
	<summary>
 ステージエンティティを取得する
 </summary>
	<param name="stgId">ステージＩＤ</param>
	<returns></returns>
	<remarks></remarks>
</member><member name="M:SpiralButterfly.StageControl.GetStageEntitys">
	<summary>
 ステージ情報を取得する
 </summary>
	<returns></returns>
	<remarks></remarks>
</member><member name="M:SpiralButterfly.StageControl.AppearZako">
	<summary>
 ザコの出現
 </summary>
	<remarks></remarks>
</member><member name="F:SpiralButterfly.Tanzaku.Tex">
	<summary>
 テクスチャー
 </summary>
	<remarks></remarks>
</member><member name="F:SpiralButterfly.Tanzaku.Rect">
	<summary>
 位置サイズ情報
 </summary>
	<remarks></remarks>
</member><member name="F:SpiralButterfly.Tanzaku.Dxg">
	<summary>
 DirectXグラフィック制御
 </summary>
	<remarks></remarks>
</member><member name="M:SpiralButterfly.Tanzaku.#ctor(System.String@,System.Drawing.RectangleF@)">
	<summary>
 テクスチャーと位置情報を作成する
 </summary>
	<param name="texFlNm"></param>
	<param name="prm_rect"></param>
	<remarks></remarks>
</member><member name="M:SpiralButterfly.Tanzaku.Draw">
	<summary>
 描画する
 </summary>
	<remarks></remarks>
</member><member name="T:SpiralButterfly.Tanzaku">
	<summary>
 短冊状のテクスチャーの情報
 </summary>
	<remarks>情報の保持とテクスチャー描画も行う</remarks>
</member><member name="F:SpiralButterfly.PlayerInputData.AXIS_TOP">
	<summary>
 軸上を示す定数
 </summary>
	<remarks></remarks>
</member><member name="F:SpiralButterfly.PlayerInputData.AXIS_RIGHT">
	<summary>
 軸右を示す定数
 </summary>
	<remarks></remarks>
</member><member name="F:SpiralButterfly.PlayerInputData.AXIS_BOTTOM">
	<summary>
 軸下を示す定数
 </summary>
	<remarks></remarks>
</member><member name="F:SpiralButterfly.PlayerInputData.AXIS_LEFT">
	<summary>
 軸左を示す定数
 </summary>
	<remarks></remarks>
</member><member name="F:SpiralButterfly.PlayerInputData.Btn">
	<summary>
 ボタン情報
 </summary>
	<remarks>プレイヤーが操作しているデバイスのボタン情報</remarks>
</member><member name="F:SpiralButterfly.PlayerInputData.Axis">
	<summary>
 軸情報
 </summary>
	<remarks>プレイヤーが操作しているデバイスの軸情報</remarks>
</member><member name="F:SpiralButterfly.PlayerInputData.EscBtn">
	<summary>
 escボタン情報
 </summary>
	<remarks></remarks>
</member><member name="F:SpiralButterfly.PlayerInputData.BtnInstant">
	<summary>
 瞬間ボタン情報
 </summary>
	<remarks></remarks>
</member><member name="F:SpiralButterfly.PlayerInputData.AxisInstant">
	<summary>
 瞬間軸情報
 </summary>
	<remarks></remarks>
</member><member name="F:SpiralButterfly.PlayerInputData.BtnBk">
	<summary>
 バックアップボタン情報
 </summary>
	<remarks></remarks>
</member><member name="F:SpiralButterfly.PlayerInputData.AxisBk">
	<summary>
 バックアップ軸情報
 </summary>
	<remarks></remarks>
</member><member name="F:SpiralButterfly.PlayerInputData.m_BtnCount">
	<summary>
 ボタン数
 </summary>
	<remarks></remarks>
</member><member name="M:SpiralButterfly.PlayerInputData.#ctor(System.Int32)">
	<summary>
 コンストラクタ
 </summary>
	<param name="prm_BtnCount">ボタンの数</param>
	<remarks>ボタン情報の配列数を初期化する</remarks>
</member><member name="M:SpiralButterfly.PlayerInputData.backUp">
	<summary>
 入力情報のバックアップを取る。
 </summary>
	<remarks>getInstantメソッドと関連されている</remarks>
</member><member name="M:SpiralButterfly.PlayerInputData.getInstant">
	<summary>
 瞬間入力情報を取得する
 </summary>
	<remarks></remarks>
</member><member name="T:SpiralButterfly.PlayerInputData">
	<summary>
 プレイヤー入力情報
 </summary>
	<remarks>ひとりのプレイヤーによる操作入力情報</remarks>
</member><member name="F:SpiralButterfly.DXI_GetJoyStickState.AryDevJoy">
	<summary>
 ジョイススティックデバイスリスト
 </summary>
	<remarks></remarks>
</member><member name="T:SpiralButterfly.ActionStraight">
	<summary>
 直線移動
 </summary>
	<remarks></remarks>
</member><member name="F:SpiralButterfly.DXG_Creat3DModel.dev">
	<summary>
 グラフィックデバイス
 </summary>
	<remarks></remarks>
</member><member name="M:SpiralButterfly.DXG_Creat3DModel.#ctor(Microsoft.DirectX.Direct3D.Device@)">
	<summary>
 コンストラクタ
 </summary>
	<param name="prm_dev">グラフィックデバイス</param>
	<remarks>メンバに引数をセットする</remarks>
</member><member name="M:SpiralButterfly.DXG_Creat3DModel.Creat3DModel(System.String@)">
	<summary>
 ３Dモデル情報を生成する
 </summary>
	<param name="xFlNm">Xファイル名</param>
	<returns></returns>
	<remarks>
 メッシュ、マテリアル配列、テクスチャー配列を作成する
 </remarks>
</member><member name="T:SpiralButterfly.DXG_Creat3DModel">
	<summary>
 Xファイルからメッシュを作成する
 </summary>
	<remarks>
 ☆概要
 ☆履歴
 Xファイルからメッシュを作成。またメッシュからXファイルを生成。
 </remarks>
</member><member name="T:SpiralButterfly.CrtFireEntity">
	<summary>
 クリーチャー発射エンティティ
 </summary>
	<remarks></remarks>
</member><member name="F:SpiralButterfly.CrtOutLost.aryCrt">
	<summary>
 クリーチャーリスト
 </summary>
	<remarks></remarks>
</member><member name="M:SpiralButterfly.CrtOutLost.#ctor(System.Collections.ArrayList@)">
	<summary>
 コンストラクタ
 </summary>
	<param name="prm_aryCrt">クリーチャー情報</param>
	<remarks></remarks>
</member><member name="M:SpiralButterfly.CrtOutLost.OutLost">
	<summary>
 クリーチャー画面外消滅
 </summary>
	<remarks></remarks>
</member><member name="T:SpiralButterfly.CrtOutLost">
	<summary>
 クリーチャー画面外消滅
 </summary>
	<remarks>
 クリーチャーが画面外から一定の距離を進んだとき自然消滅する。
 </remarks>
</member><member name="M:SpiralButterfly.CL_FireEntControl.SetData(SpiralButterfly.CrtLibEntity[]@,SpiralButterfly.IDao@)">
	<summary>
 クリーチャーライブラリ情報に光線発射情報をセットする。
 </summary>
	<param name="clEnt"></param>
	<param name="dao"></param>
	<remarks></remarks>
</member><member name="T:SpiralButterfly.CL_FireEntControl">
	<summary>
 クリーチャーライブラリ発射エンティティ制御
 </summary>
	<remarks></remarks>
</member><member name="F:SpiralButterfly.DxGraphicControl.dxgIni">
	<summary>
 Directグラフィックの初期化オブジェクト
 </summary>
	<remarks></remarks>
</member><member name="F:SpiralButterfly.DxGraphicControl.dxgTxtDraw">
	<summary>
 文字描画オブジェクト
 </summary>
	<remarks></remarks>
</member><member name="F:SpiralButterfly.DxGraphicControl.dxgD2D">
	<summary>
 2D描画オブジェクト
 </summary>
	<remarks></remarks>
</member><member name="F:SpiralButterfly.DxGraphicControl.dxgCrt3D">
	<summary>
 3Dモデル生成オブジェクト
 </summary>
	<remarks></remarks>
</member><member name="F:SpiralButterfly.DxGraphicControl.dxgD3D">
	<summary>
 ３D描画オブジェクト
 </summary>
	<remarks></remarks>
</member><member name="F:SpiralButterfly.DxGraphicControl.dxgDLine">
	<summary>
 線描画オブジェクト
 </summary>
	<remarks></remarks>
</member><member name="F:SpiralButterfly.DxGraphicControl.m_ScreenMode">
	<summary>
 スクリーンモード
 </summary>
	<remarks>
 Trueであればウィンドウモード
 Falseであればフルスクリーンモード
 </remarks>
</member><member name="F:SpiralButterfly.DxGraphicControl.dev">
	<summary>
 グラフィックデバイス
 </summary>
	<remarks></remarks>
</member><member name="M:SpiralButterfly.DxGraphicControl.#ctor(System.Windows.Forms.Form@)">
	<summary>
 コンストラクタ
 </summary>
	<param name="fm"></param>
	<remarks></remarks>
</member><member name="M:SpiralButterfly.DxGraphicControl.DrawStart">
	<summary>
 描画処理開始
 </summary>
	<remarks></remarks>
</member><member name="M:SpiralButterfly.DxGraphicControl.drawEnd">
	<summary>
 描画処理終了
 </summary>
	<remarks></remarks>
</member><member name="P:SpiralButterfly.DxGraphicControl.ScreenMode">
	<summary>
 スクリーンモードのプロパティ
 </summary>
	<value></value>
	<returns></returns>
	<remarks></remarks>
</member><member name="M:SpiralButterfly.DxGraphicControl.DrawText(System.String@,System.Drawing.Point@,System.Drawing.Color@)">
	<summary>
 文字を表示する
 </summary>
	<param name="msg">出力する文字</param>
	<param name="pt">出力する座標</param>
	<param name="colors">文字の色</param>
	<remarks>
 次のように文字を指定することにより複数行も可能。
 「"複数行も" + Environment.NewLine + "可能"」
 </remarks>
</member><member name="M:SpiralButterfly.DxGraphicControl.DrawText(System.String@,System.Drawing.Rectangle@,System.Drawing.Color@)">
	<summary>
 文字を表示する
 </summary>
	<param name="msg">出力する文字</param>
	<param name="rec">短冊</param>
	<param name="colors">文字の色</param>
	<remarks>
 短冊中の左上に文字を表示する
 </remarks>
</member><member name="M:SpiralButterfly.DxGraphicControl.DrawTextRight(System.String@,System.Drawing.Rectangle@,System.Drawing.Color@)">
	<summary>
 右詰で文字を表示する
 </summary>
	<param name="msg">出力する文字</param>
	<param name="rec">短冊</param>
	<param name="colors">文字の色</param>
	<remarks>
 短冊中の左上に文字を表示する
 </remarks>
</member><member name="M:SpiralButterfly.DxGraphicControl.FontSetting(System.Int32,System.Int32,System.Boolean)">
	<summary>
 フォントスタイルを設定する
 </summary>
	<param name="fontHeight">文字の高さ</param>
	<param name="fontWidth">文字幅</param>
	<param name="itaric">イタリック体</param>
	<remarks></remarks>
</member><member name="M:SpiralButterfly.DxGraphicControl.CreateTextureFromFile(System.String@)">
	<summary>
 テクスチャーを生成する
 </summary>
	<param name="texFlNm">テクスチャーファイル名</param>
	<returns>テクスチャー</returns>
	<remarks></remarks>
</member><member name="M:SpiralButterfly.DxGraphicControl.Draw2D(Microsoft.DirectX.Direct3D.Texture@,System.Single@,System.Single@,System.Int32,System.Int32)">
	<summary>
 2D描画を行う
 </summary>
	<param name="tex">テクスチャー</param>
	<param name="fPx">位置X</param>
	<param name="fPy">位置Y</param>
	<param name="width">幅</param>
	<param name="height">高さ</param>
	<remarks></remarks>
</member><member name="M:SpiralButterfly.DxGraphicControl.Draw2D(Microsoft.DirectX.Direct3D.Texture@,System.Drawing.PointF@,System.Single@,System.Single,System.Single)">
	<summary>
 ２D描画（回転、拡大縮小可能）
 </summary>
	<param name="tex">テクスチャー</param>
	<param name="p0">中心座標</param>
	<param name="rAng">回転角度（ラジアン）</param>
	<param name="hyp">斜辺　hypotenuse　長方形の中心からある１つの頂点までの距離</param>
	<param name="hypAng">斜辺角度　hypの角度</param>
	<remarks></remarks>
</member><member name="M:SpiralButterfly.DxGraphicControl.Draw2D(Microsoft.DirectX.Direct3D.Texture@,System.Drawing.Point@,System.Drawing.Size@,System.Int32)">
	<summary>
 ２D描画　簡易版（回転、拡大縮小可能）
 </summary>
	<param name="tex">テクスチャー</param>
	<param name="p0">中心座標</param>
	<param name="size_">画像サイズ</param>
	<param name="ang">回転角度</param>
	<remarks>処理にオーバーヘッドが生じるため、多少時間がかかる</remarks>
</member><member name="M:SpiralButterfly.DxGraphicControl.Creat3DModel(System.String@)">
	<summary>
 ３Dモデル情報を生成する
 </summary>
	<param name="xFlNm">Xファイル名</param>
	<returns></returns>
	<remarks>
 メッシュ、マテリアル配列、テクスチャー配列を作成する
 </remarks>
</member><member name="M:SpiralButterfly.DxGraphicControl.Draw3D(SpiralButterfly.DXG_3DModel@)">
	<summary>
 ３D描画
 </summary>
	<param name="d3"></param>
	<remarks></remarks>
</member><member name="M:SpiralButterfly.DxGraphicControl.LineAdd(System.Single,System.Single,System.Single,System.Single)">
	<summary>
 線情報追加
 </summary>
	<param name="x1"></param>
	<param name="y1"></param>
	<param name="x2"></param>
	<param name="y2"></param>
	<remarks></remarks>
</member><member name="M:SpiralButterfly.DxGraphicControl.LineAdd(System.Single,System.Single,System.Single,System.Single,System.Int32)">
	<summary>
 線情報追加
 </summary>
	<param name="x1"></param>
	<param name="y1"></param>
	<param name="x2"></param>
	<param name="y2"></param>
	<param name="ColorArgb"></param>
	<remarks></remarks>
</member><member name="M:SpiralButterfly.DxGraphicControl.LineAdd(System.Single,System.Single,System.Single,System.Single,System.Single,System.Single,System.Int32)">
	<summary>
 線情報を追加
 </summary>
	<param name="x1"></param>
	<param name="y1"></param>
	<param name="z1"></param>
	<param name="x2"></param>
	<param name="y2"></param>
	<param name="z2"></param>
	<param name="ColorArgb"></param>
	<remarks></remarks>
</member><member name="M:SpiralButterfly.DxGraphicControl.DrawLine">
	<summary>
 ライン描画
 </summary>
	<remarks></remarks>
</member><member name="F:SpiralButterfly.ActionDocData.ADocs">
	<summary>
 アクション書類配列
 </summary>
	<remarks></remarks>
</member><member name="M:SpiralButterfly.ActionDocData.#ctor">
	<summary>
 コンストラクタ
 </summary>
	<remarks></remarks>
</member><member name="M:SpiralButterfly.ActionDocData.InitActDocs">
	<summary>
 すべてのアクション書類を初期化する
 </summary>
	<remarks></remarks>
</member><member name="M:SpiralButterfly.ActionDocData.SetActionDocs(SpiralButterfly.ActionDoc[]@)">
	<summary>
 アクション書類配列のSetter
 </summary>
	<param name="prm_actDocs"></param>
	<remarks></remarks>
</member><member name="M:SpiralButterfly.ActionDocData.GetActionDocs">
	<summary>
 アクション書類配列のGetter
 </summary>
	<returns></returns>
	<remarks></remarks>
</member><member name="M:SpiralButterfly.ActionDocData.SetActionDoc(System.Int32,SpiralButterfly.ActionDoc@)">
	<summary>
 アクション書類のSetter
 </summary>
	<param name="actId"></param>
	<param name="prm_actDoc"></param>
	<remarks></remarks>
</member><member name="M:SpiralButterfly.ActionDocData.GetActionDoc(System.Int32)">
	<summary>
 アクション書類のGetter
 </summary>
	<param name="actId"></param>
	<returns></returns>
	<remarks></remarks>
</member><member name="T:SpiralButterfly.ActionDocData">
	<summary>
 アクション書類情報
 </summary>
	<remarks></remarks>
</member><member name="F:SpiralButterfly.CalcCollAbsPoint.aryCrt">
	<summary>
 クリーチャー情報
 </summary>
	<remarks></remarks>
</member><member name="F:SpiralButterfly.CalcCollAbsPoint.ANG90">
	<summary>
 90度定数
 </summary>
	<remarks></remarks>
</member><member name="M:SpiralButterfly.CalcCollAbsPoint.Calc">
	<summary>
 衝突部位絶対座標を算出する
 </summary>
	<remarks></remarks>
</member><member name="T:SpiralButterfly.CalcCollAbsPoint">
	<summary>
 ' 衝突部位絶対座標を算出する
 </summary>
	<remarks></remarks>
</member><member name="F:SpiralButterfly.CollisionControl.aryCrt">
	<summary>
 クリーチャー情報
 </summary>
	<remarks></remarks>
</member><member name="F:SpiralButterfly.CollisionControl.colls">
	<summary>
 衝突処理配列
 </summary>
	<remarks></remarks>
</member><member name="F:SpiralButterfly.CollisionControl.ccap">
	<summary>
  '衝突部位絶対座標算出オブジェクト
 </summary>
	<remarks></remarks>
</member><member name="F:SpiralButterfly.CollisionControl.com">
	<summary>
 衝突共通処理
 </summary>
	<remarks></remarks>
</member><member name="M:SpiralButterfly.CollisionControl.#ctor(System.Collections.ArrayList@)">
	<summary>
 コンストラクタ
 </summary>
	<param name="prm_aryCrt">クリーチャー情報</param>
	<remarks></remarks>
</member><member name="M:SpiralButterfly.CollisionControl.Init(SpiralButterfly.StageControl@,SpiralButterfly.CrtControl@,SpiralButterfly.HeroParameterControl@)">
	<summary>
 初期化
 </summary>
	<param name="prm_StgCon"></param>
	<param name="prm_CrtCon"></param>
	<param name="prm_HPrmCon"></param>
	<remarks></remarks>
</member><member name="M:SpiralButterfly.CollisionControl.Collision">
	<summary>
 当たり判定
 </summary>
	<remarks>
 クリーチャー同士の衝突による判定。
 </remarks>
</member><member name="T:SpiralButterfly.CollisionControl">
	<summary>
 衝突制御
 </summary>
	<remarks></remarks>
</member><member name="F:SpiralButterfly.CollisionHeroEnemy.com">
	<summary>
 共通ロジック
 </summary>
	<remarks></remarks>
</member><member name="M:SpiralButterfly.CollisionHeroEnemy.Collision(SpiralButterfly.Creture@,SpiralButterfly.CrtCollisionEntity@,SpiralButterfly.Creture@,SpiralButterfly.CrtCollisionEntity@)">
	<summary>
 衝突処理
 </summary>
	<param name="crt1"></param>
	<param name="coll1"></param>
	<param name="crt2"></param>
	<param name="coll2"></param>
	<remarks></remarks>
</member><member name="T:SpiralButterfly.CollisionHeroEnemy">
	<summary>
 主人公と敵の衝突処理
 </summary>
	<remarks></remarks>
</member><member name="F:SpiralButterfly.GameMaster.CrtLib">
	<summary>
 クリーチャーライブラリ
 </summary>
	<remarks></remarks>
</member><member name="F:SpiralButterfly.GameMaster.CC">
	<summary>
 クリーチャー制御
 </summary>
	<remarks></remarks>
</member><member name="F:SpiralButterfly.GameMaster.SC">
	<summary>
 ステージ制御
 </summary>
	<remarks></remarks>
</member><member name="F:SpiralButterfly.GameMaster.HPrmCon">
	<summary>
 主人公パラメータ制御
 </summary>
	<remarks></remarks>
</member><member name="F:SpiralButterfly.GameMaster.DXG">
	<summary>
 描画オブジェクト
 </summary>
	<remarks></remarks>
</member><member name="F:SpiralButterfly.GameMaster.EfSndCon">
	<summary>
 効果音制御
 </summary>
	<remarks></remarks>
</member><member name="F:SpiralButterfly.GameMaster.app">
	<summary>
 アプリケーションコンテナ
 </summary>
	<remarks></remarks>
</member><member name="F:SpiralButterfly.GameMaster.TM">
	<summary>
 時間測定
 </summary>
	<remarks></remarks>
</member><member name="M:SpiralButterfly.GameMaster.TreadRun">
	<summary>
 ゲームスレッド
 </summary>
	<returns></returns>
	<remarks></remarks>
</member><member name="M:SpiralButterfly.GameMaster.DrawFrame">
	<summary>
 フレーム描画
 </summary>
	<remarks></remarks>
</member><member name="M:SpiralButterfly.GameMaster.GetStageControl">
	<summary>
 ステージ制御のGetter
 </summary>
	<returns></returns>
	<remarks></remarks>
</member><member name="M:SpiralButterfly.GameMaster.GetCrtLib">
	<summary>
 クリーチャーライブラリのGetter
 </summary>
	<returns></returns>
	<remarks></remarks>
</member><member name="M:SpiralButterfly.GameMaster.GetCrtControl">
	<summary>
 クリーチャー制御のGetter
 </summary>
	<returns></returns>
	<remarks></remarks>
</member><member name="T:SpiralButterfly.CrtLibFireEntity">
	<summary>
 クリーチャー発射エンティティ
 </summary>
	<remarks></remarks>
</member><member name="F:SpiralButterfly.CrtControl.aryCrt">
	<summary>
 クリーチャーリスト
 </summary>
	<remarks></remarks>
</member><member name="F:SpiralButterfly.CrtControl.AC">
	<summary>
 アクション制御
 </summary>
	<remarks></remarks>
</member><member name="F:SpiralButterfly.CrtControl.CrtEntry">
	<summary>
 クリーチャーエントリー
 </summary>
	<remarks></remarks>
</member><member name="F:SpiralButterfly.CrtControl.DrawCrt">
	<summary>
 クリーチャーの描画を行う
 </summary>
	<remarks></remarks>
</member><member name="F:SpiralButterfly.CrtControl.OLost">
	<summary>
 クリーチャー画面外消滅
 </summary>
	<remarks></remarks>
</member><member name="F:SpiralButterfly.CrtControl.CollCon">
	<summary>
 衝突制御
 </summary>
	<remarks></remarks>
</member><member name="F:SpiralButterfly.CrtControl.DFrame">
	<summary>
 フレーム描画
 </summary>
	<remarks></remarks>
</member><member name="F:SpiralButterfly.CrtControl.StgCon">
	<summary>
 ステージ制御
 </summary>
	<remarks></remarks>
</member><member name="F:SpiralButterfly.CrtControl.HPrmCon">
	<summary>
 主人公パラメータ制御
 </summary>
	<remarks></remarks>
</member><member name="F:SpiralButterfly.CrtControl.CrtLib">
	<summary>
 クリーチャーライブラリ
 </summary>
	<remarks></remarks>
</member><member name="M:SpiralButterfly.CrtControl.Init(SpiralButterfly.StageControl@,SpiralButterfly.HeroParameterControl@)">
	<summary>
 初期化
 </summary>
	<remarks></remarks>
</member><member name="M:SpiralButterfly.CrtControl.GetAryCrt">
	<summary>
 全クリーチャーを取得する
 </summary>
	<returns></returns>
	<remarks></remarks>
</member><member name="M:SpiralButterfly.CrtControl.Entry(System.Int32,System.Drawing.PointF@)">
	<summary>
 クリーチャーを出現させる。
 </summary>
	<param name="crtId"></param>
	<param name="p0"></param>
	<returns></returns>
	<remarks></remarks>
</member><member name="M:SpiralButterfly.CrtControl.Collision">
	<summary>
 当たり判定（衝突処理）
 </summary>
	<remarks></remarks>
</member><member name="M:SpiralButterfly.CrtControl.Action">
	<summary>
 全クリーチャーのアクション
 </summary>
	<remarks></remarks>
</member><member name="M:SpiralButterfly.CrtControl.OutLost">
	<summary>
 クリーチャー画面外消滅処理
 </summary>
	<remarks></remarks>
</member><member name="M:SpiralButterfly.CrtControl.Draw">
	<summary>
 クリーチャーの描画を行う
 </summary>
	<remarks></remarks>
</member><member name="M:SpiralButterfly.CrtControl.DrawFrame">
	<summary>
 クリーチャーのフレーム描画を行う
 </summary>
	<remarks></remarks>
</member><member name="T:SpiralButterfly.CrtControl">
	<summary>
 クリーチャー制御
 </summary>
	<remarks>
 ゲーム進行中に登場するクリーチャーを制御する
 登場中のクリーチャーを管理する
 クリーチャーを登場させる
 当たり判定を行う。
 </remarks>
</member><member name="M:SpiralButterfly.MeasureExcuteSpeed.MES_Start">
	<summary>
 測定開始
 </summary>
	<remarks></remarks>
</member><member name="M:SpiralButterfly.MeasureExcuteSpeed.MES_End">
	<summary>
 測定終了
 </summary>
	<remarks></remarks>
</member><member name="M:SpiralButterfly.MeasureExcuteSpeed.MES_GetRecordTick">
	<summary>
 測定結果を取得
 </summary>
	<returns>記録時間</returns>
	<remarks></remarks>
</member><member name="T:SpiralButterfly.MeasureExcuteSpeed">
	<summary>
 計算速度測定
 </summary>
	<remarks>
 測定開始から測定終了までの時間を記録する
 </remarks>
</member><member name="F:SpiralButterfly.CDirectInputEx1.CST_BTN_CNT">
	<summary>
 ボタン数
 </summary>
	<remarks>ボタンの数</remarks>
</member><member name="F:SpiralButterfly.CDirectInputEx1.CST_AXIS_FREE_RATE">
	<summary>
 軸遊び率
 </summary>
	<remarks>ジョイスティックの軸がニュートラルにあるときの値は０とは限らないため、遊びを設定するための値</remarks>
</member><member name="F:SpiralButterfly.CDirectInputEx1.CST_AXIS_MSX_RANGE">
	<summary>
 軸最大範囲値
 </summary>
	<remarks>それぞれの軸の最大値</remarks>
</member><member name="F:SpiralButterfly.CDirectInputEx1.m_value1">
	<summary>
 計算用数値1
 </summary>
	<remarks>calcAxisの計算で使われる値</remarks>
</member><member name="F:SpiralButterfly.CDirectInputEx1.m_aryPlayerInpDt">
	<summary>
 プレイヤー入力情報リスト
 </summary>
	<remarks>プレイ可能なプレイヤーのリストを表示する。</remarks>
</member><member name="F:SpiralButterfly.CDirectInputEx1.CST_1PLAYER__JOY_AND_KEY">
	<summary>
 1プレイヤーはジョイスティック１とキーボードで操作できる
 </summary>
	<remarks>プレイヤーモードの定数</remarks>
</member><member name="F:SpiralButterfly.CDirectInputEx1.CST_1PLAYER_KEY">
	<summary>
 1プレイヤーはキーボードで操作する
 </summary>
	<remarks>プレイヤーモードの定数</remarks>
</member><member name="F:SpiralButterfly.CDirectInputEx1.m_playerMood">
	<summary>
 プレイヤーモード
 </summary>
	<remarks>１プレイヤーはキーボードとジョイスティック1で操作するか、キーボードのみかを切り替えるフラグ</remarks>
</member><member name="M:SpiralButterfly.CDirectInputEx1.#ctor(System.Windows.Forms.Form@)">
	<summary>
 コンストラクタ
 </summary>
	<param name="prm_form">捜査対象画面フォーム</param>
	<remarks></remarks>
</member><member name="M:SpiralButterfly.CDirectInputEx1.setPlayerMood(System.Int32)">
	<summary>
 プレイヤーモードの切り替え
 </summary>
	<param name="prm_playerMood">プレイヤーモード</param>
	<remarks>１プレイヤーはキーボードとジョイスティック1で操作するか、キーボードのみかを切り替えることができる</remarks>
</member><member name="M:SpiralButterfly.CDirectInputEx1.getPlayerMood">
	<summary>
 プレイヤーモードを返す
 </summary>
	<returns>プレイヤーモード</returns>
	<remarks>プレイヤーモードのセッター</remarks>
</member><member name="M:SpiralButterfly.CDirectInputEx1.getPlayerCount">
	<summary>
 最大プレイヤー人数を取得する
 </summary>
	<returns>最大プレイヤー人数</returns>
	<remarks></remarks>
</member><member name="M:SpiralButterfly.CDirectInputEx1.getPlayerInputData(System.Int32)">
	<summary>
 プレイヤー入力情報を取得する
 </summary>
	<param name="index">プレイヤー入力情報リストのインデックス</param>
	<returns>プレイヤー入力情報</returns>
	<remarks></remarks>
</member><member name="M:SpiralButterfly.CDirectInputEx1.procPidForJoyStick(System.Int32,SpiralButterfly.PlayerInputData@)">
	<summary>
 ジョイスティックの入力情報を引き数のプレイヤー入力情報にセットする
 </summary>
	<remarks></remarks>
</member><member name="M:SpiralButterfly.CDirectInputEx1.procPidForKeyboard(SpiralButterfly.PlayerInputData@)">
	<summary>
 キーボードの情報を引数のプレイヤー入力情報にセットする
 </summary>
	<param name="pid">プレイヤー情報</param>
	<remarks></remarks>
</member><member name="M:SpiralButterfly.CDirectInputEx1.procPidForKeyboadAndJoyStick(SpiralButterfly.PlayerInputData@)">
	<summary>
 キーボードの情報とジョイスティック情報の合成値を引数のプレイヤー入力情報にセットする
 </summary>
	<param name="pid">プレイヤー情報</param>
	<remarks></remarks>
</member><member name="M:SpiralButterfly.CDirectInputEx1.procInputDataForJoyStick(System.Int32,System.Byte[]@,System.Int32[]@)">
	<summary>
 ジョイスティック入力情報を引き数にセットする
 </summary>
	<remarks></remarks>
</member><member name="M:SpiralButterfly.CDirectInputEx1.setAxis(System.Int32[]@,System.Int32,System.Int32,System.Int32)">
	<summary>
 ジョイスティックの軸情報を取得する
 </summary>
	<param name="v">JoystickStateから取得した値</param>
	<param name="bct1">向き</param>
	<param name="bct2">bct1と反対向き</param>
	<remarks></remarks>
</member><member name="M:SpiralButterfly.CDirectInputEx1.calcAxis(System.Int32)">
	<summary>
 Axisの値を算出する
 </summary>
	<param name="v">JoystickStateから取得した値</param>
	<returns>軸範囲値</returns>
	<remarks></remarks>
</member><member name="M:SpiralButterfly.CDirectInputEx1.procInputDataForKeyboard(System.Byte[]@,System.Int32[]@,System.Int32@)">
	<summary>
 キーボードの情報を引数にセットする
 </summary>
	<param name="Btn">ボタン情報</param>
	<param name="Axis">軸情報</param>
	<param name="EscBtn">ESCボタン情報</param>
	<remarks></remarks>
</member><member name="T:SpiralButterfly.CDirectInputEx1">
	<summary>
 DirectInput制御拡張１
 </summary>
	<remarks>
 ☆概要詳細
    CDirectInputを拡張し、ゲームに必要な操作だけに絞ってある。
 ☆作成者
    上原健二
 ☆変更履歴
    2007/7/2　新規作成
    2007/7/27　ジョイスティック０のときのバグを修正
 </remarks>
</member><member name="F:SpiralButterfly.ActDocKanabun1.IniFlg">
	<summary>
 初期処理フラグ
 </summary>
	<remarks></remarks>
</member><member name="F:SpiralButterfly.CollisionCommon.StgCon">
	<summary>
 ステージ制御
 </summary>
	<remarks></remarks>
</member><member name="F:SpiralButterfly.CollisionCommon.CrtCon">
	<summary>
 クリーチャー制御
 </summary>
	<remarks></remarks>
</member><member name="F:SpiralButterfly.CollisionCommon.HPrmCon">
	<summary>
 主人公パラメータ制御
 </summary>
	<remarks></remarks>
</member><member name="F:SpiralButterfly.CollisionCommon.EfSnd">
	<summary>
 効果音制御
 </summary>
	<remarks></remarks>
</member><member name="M:SpiralButterfly.CollisionCommon.Init(SpiralButterfly.StageControl@,SpiralButterfly.CrtControl@,SpiralButterfly.HeroParameterControl@)">
	<summary>
 初期化
 </summary>
	<param name="prm_stgCon"></param>
	<param name="prm_crtCon"></param>
	<remarks></remarks>
</member><member name="M:SpiralButterfly.CollisionCommon.TokutenAdd(System.Int32)">
	<summary>
 得点を追加
 </summary>
	<remarks></remarks>
</member><member name="M:SpiralButterfly.CollisionCommon.EffectSoundAdd(System.Int32)">
	<summary>
 効果音を鳴らす。
 </summary>
	<param name="id"></param>
	<remarks></remarks>
</member><member name="T:SpiralButterfly.CollisionCommon">
	<summary>
 衝突処理共通ロジック
 </summary>
	<remarks></remarks>
</member><member name="F:SpiralButterfly.DynamicAppZako.aryAllDazTbl">
	<summary>
 全ステージ雑魚出現テーブル
 </summary>
	<remarks>
 全ステージ雑魚出現テーブル arrayList all dynamic app zako table
 </remarks>
</member><member name="F:SpiralButterfly.DynamicAppZako.CST_TBL_MAXINDEX">
	<summary>
 雑魚出現テーブル配列のおよその最大。
 </summary>
	<remarks>処理の関係上、この値が雑魚出現テーブルの最大値とはならない。近い数値にはなる。</remarks>
</member><member name="F:SpiralButterfly.DynamicAppZako.CrtCon">
	<summary>
 クリーチャー制御
 </summary>
	<remarks></remarks>
</member><member name="F:SpiralButterfly.DynamicAppZako.StgCon">
	<summary>
 ステージ制御
 </summary>
	<remarks></remarks>
</member><member name="F:SpiralButterfly.DynamicAppZako.DazEntryPt">
	<summary>
 動的ザコ出現位置決定機能
 </summary>
	<remarks>SetCrtControlでインスタンス生成</remarks>
</member><member name="F:SpiralButterfly.DynamicAppZako.m_stgEnts">
	<summary>
 ステージ情報
 </summary>
	<remarks></remarks>
</member><member name="M:SpiralButterfly.DynamicAppZako.#ctor(SpiralButterfly.StageEntity[]@)">
	<summary>
 コンストラクタ
 </summary>
	<param name="stgEnts">ステージ情報</param>
	<remarks>全ステージ雑魚出現テーブルをステージ情報から作成する。</remarks>
</member><member name="M:SpiralButterfly.DynamicAppZako.SetControl(SpiralButterfly.CrtControl@,SpiralButterfly.StageControl@)">
	<summary>
 クリーチャー制御のSetter
 </summary>
	<param name="prm_CrtControl"></param>
	<remarks></remarks>
</member><member name="M:SpiralButterfly.DynamicAppZako.getDazTbl(SpiralButterfly.StageEntity@)">
	<summary>
 雑魚出現テーブルを取得する
 </summary>
	<param name="stg"></param>
	<returns></returns>
	<remarks></remarks>
</member><member name="M:SpiralButterfly.DynamicAppZako.AppearZako(System.Int32)">
	<summary>
 雑魚の出現
 </summary>
	<param name="stgId">現在のステージID</param>
	<remarks>一定の確率でザコを出現させる</remarks>
</member><member name="T:SpiralButterfly.DynamicAppZako">
	<summary>
 動的雑魚出現
 </summary>
	<remarks></remarks>
</member><member name="T:SpiralButterfly.DXG_DrawLine.LineData">
	<summary>
 ライン構造体
 </summary>
	<remarks></remarks>
</member><member name="F:SpiralButterfly.DXG_DrawLine.aryLine">
	<summary>
 ライン情報
 </summary>
	<remarks></remarks>
</member><member name="F:SpiralButterfly.DXG_DrawLine.dev">
	<summary>
 グラフィックデバイス
 </summary>
	<remarks></remarks>
</member><member name="F:SpiralButterfly.DXG_DrawLine.vb">
	<summary>
 頂点バッファ
 </summary>
	<remarks>頂点情報を格納したメモリ領域</remarks>
</member><member name="M:SpiralButterfly.DXG_DrawLine.#ctor(Microsoft.DirectX.Direct3D.Device@)">
	<summary>
 コンストラクタ
 </summary>
	<param name="prm_dev"></param>
	<remarks></remarks>
</member><member name="M:SpiralButterfly.DXG_DrawLine.LineAdd(System.Single,System.Single,System.Single,System.Single)">
	<summary>
 線情報追加
 </summary>
	<param name="x1"></param>
	<param name="y1"></param>
	<param name="x2"></param>
	<param name="y2"></param>
	<remarks></remarks>
</member><member name="M:SpiralButterfly.DXG_DrawLine.LineAdd(System.Single,System.Single,System.Single,System.Single,System.Int32)">
	<summary>
 線情報追加
 </summary>
	<param name="x1"></param>
	<param name="y1"></param>
	<param name="x2"></param>
	<param name="y2"></param>
	<param name="ColorArgb"></param>
	<remarks></remarks>
</member><member name="M:SpiralButterfly.DXG_DrawLine.LineAdd(System.Single,System.Single,System.Single,System.Single,System.Single,System.Single,System.Int32)">
	<summary>
 線情報を追加
 </summary>
	<param name="x1"></param>
	<param name="y1"></param>
	<param name="z1"></param>
	<param name="x2"></param>
	<param name="y2"></param>
	<param name="z2"></param>
	<param name="ColorArgb"></param>
	<remarks></remarks>
</member><member name="F:SpiralButterfly.EffectSoundControl.LibSBfs">
	<summary>
 セカンダリバッファライブラリ
 </summary>
	<remarks></remarks>
</member><member name="F:SpiralButterfly.EffectSoundControl.actBfs">
	<summary>
 実行セカンダリバッファリスト
 </summary>
	<remarks></remarks>
</member><member name="F:SpiralButterfly.EffectSoundControl.PlayCount">
	<summary>
 実行再生数
 </summary>
	<remarks></remarks>
</member><member name="F:SpiralButterfly.EffectSoundControl.MAX_PLAY_CNT">
	<summary>
 最大実行再生数
 </summary>
	<remarks></remarks>
</member><member name="M:SpiralButterfly.EffectSoundControl.PlayAdd(System.Int32)">
	<summary>
 実行セカンダリバッファリストを追加する
 </summary>
	<param name="id"></param>
	<remarks></remarks>
</member><member name="M:SpiralButterfly.EffectSoundControl.Play">
	<summary>
 実行セカンダリバッファリストをすべて再生する
 </summary>
	<remarks></remarks>
</member><member name="M:SpiralButterfly.EffectSoundControl.#ctor(System.Windows.Forms.Form@)">
	<summary>
 コンストラクタ
 </summary>
	<param name="fm"></param>
	<remarks></remarks>
</member><member name="M:SpiralButterfly.EffectSoundControl.Load">
	<summary>
 セカンダリバッファライブラリの読み込み
 </summary>
	<remarks></remarks>
</member><member name="M:SpiralButterfly.EffectSoundControl.GetMaxIndex(SpiralButterfly.IDao@)">
	<summary>
 最大要素数を取得する
 </summary>
	<param name="dao"></param>
	<returns></returns>
	<remarks></remarks>
</member><member name="T:SpiralButterfly.EffectSoundControl">
	<summary>
 効果音制御
 </summary>
	<remarks></remarks>
</member><member name="F:SpiralButterfly.DxInputControl.AryDevJoy">
	<summary>
 ジョイスティックデバイスリスト
 </summary>
	<remarks></remarks>
</member><member name="F:SpiralButterfly.DxInputControl.DevKey">
	<summary>
 キーボードデバイス
 </summary>
	<remarks></remarks>
</member><member name="M:SpiralButterfly.DxInputControl.#ctor(System.Windows.Forms.Form@)">
	<summary>
 コンストラクタ
 </summary>
	<remarks></remarks>
</member><member name="M:SpiralButterfly.DxInputControl.setPlayerMood(System.Int32)">
	<summary>
 プレイヤーモードの切り替え
 </summary>
	<param name="prm_playerMood">プレイヤーモード</param>
	<remarks>１プレイヤーはキーボードとジョイスティック1で操作するか、キーボードのみかを切り替えることができる</remarks>
</member><member name="M:SpiralButterfly.DxInputControl.getPlayerMood">
	<summary>
 プレイヤーモードを返す
 </summary>
	<returns>プレイヤーモード</returns>
	<remarks>プレイヤーモードのセッター</remarks>
</member><member name="M:SpiralButterfly.DxInputControl.getPlayerCount">
	<summary>
 最大プレイヤー人数を取得する
 </summary>
	<returns>最大プレイヤー人数</returns>
	<remarks></remarks>
</member><member name="T:SpiralButterfly.DxInputControl">
	<summary>
 DirectX入力制御
 </summary>
	<remarks>
 ☆概要
 DirectXを用いた入力制御
 ☆履歴
 2008/07/02 新規作成
 </remarks>
</member><member name="M:SpiralButterfly.DXI_InitKeyboard.initDevice(System.Windows.Forms.Form@)">
	<summary>
 キーボードデバイス情報の初期化と取得
 </summary>
	<param name="fm">対象フォーム</param>
	<returns>キーボードデバイス</returns>
	<remarks></remarks>
</member><member name="T:SpiralButterfly.DXI_InitKeyboard">
	<summary>
 キーボードデバイスの初期化
 </summary>
	<remarks></remarks>
</member><member name="F:SpiralButterfly.FrameDraw.aryCrt">
	<summary>
 クリーチャーリスト
 </summary>
	<remarks></remarks>
</member><member name="F:SpiralButterfly.FrameDraw.grpc">
	<summary>
 グラフィックオブジェクト
 </summary>
	<remarks></remarks>
</member><member name="F:SpiralButterfly.FrameDraw.ccap">
	<summary>
 衝突部位絶対座標算出
 </summary>
	<remarks></remarks>
</member><member name="M:SpiralButterfly.FrameDraw.Draw">
	<summary>
 登場しているすべてのクリーチャーを描画する
 </summary>
	<remarks></remarks>
</member><member name="M:SpiralButterfly.FrameDraw.DrawCollision(SpiralButterfly.CrtCollisionEntity@)">
	<summary>
 クリーチャーの衝突範囲を描画する
 </summary>
	<param name="cc"></param>
	<remarks></remarks>
</member><member name="M:SpiralButterfly.FrameDraw.DrawHontai(System.Drawing.PointF@,System.Single,System.Single,System.Single)">
	<summary>
 クリーチャー本体のフレームを描画
 </summary>
	<param name="p0"></param>
	<param name="rAng"></param>
	<param name="hyp"></param>
	<param name="hypAng"></param>
	<remarks></remarks>
</member><member name="T:SpiralButterfly.FrameDraw">
	<summary>
 クリーチャーをフレーム描画する
 </summary>
	<remarks></remarks>
</member><member name="F:SpiralButterfly.DXG_Init.dev">
	<summary>
 グラフィックデバイス
 </summary>
	<remarks></remarks>
</member><member name="M:SpiralButterfly.DXG_Init.InitializeGraphic(System.Windows.Forms.Form@,System.Boolean)">
	<summary>
 DirectXグラフィックの初期化
 </summary>
	<param name="fm">対象フォーム</param>
	<param name="ScreenMode">スクリーンのモード。Trueならウィンドウモード、Falseならフルスクリーンモード</param>
	<remarks></remarks>
</member><member name="M:SpiralButterfly.DXG_Init.CreateDirect3DDevice(Microsoft.DirectX.Direct3D.PresentParameters@,System.Windows.Forms.Form@)">
	<summary>
 グラフィックデバイスを作成する。
 </summary>
	<param name="presentParameters"></param>
	<param name="fm"></param>
	<returns></returns>
	<remarks></remarks>
</member><member name="M:SpiralButterfly.DXG_Init.GetDevice">
	<summary>
 グラフィックデバイスのGetter
 </summary>
	<returns></returns>
	<remarks></remarks>
</member><member name="T:SpiralButterfly.DXG_Init">
	<summary>
 DirectX Graphicsの初期化を行う
 </summary>
	<remarks>
 ☆概要
 DirectX Graphicsの初期化を行う
 フルスクリーンとウィンドウモードの設定が可能
 ☆履歴
 2008/05/28 新規作成
 </remarks>
</member><member name="F:SpiralButterfly.DXG_3DModel.ms">
	<summary>
 メッシュ。
 </summary>
	<remarks></remarks>
</member><member name="F:SpiralButterfly.DXG_3DModel.mt">
	<summary>
 マテリアル配列
 </summary>
	<remarks></remarks>
</member><member name="F:SpiralButterfly.DXG_3DModel.tex">
	<summary>
 テクスチャー配列
 </summary>
	<remarks></remarks>
</member><member name="M:SpiralButterfly.DXG_3DModel.SetMesh(Microsoft.DirectX.Direct3D.Mesh@)">
	<summary>
 メッシュのSetter
 </summary>
	<param name="prm_mesh"></param>
	<remarks></remarks>
</member><member name="M:SpiralButterfly.DXG_3DModel.GetMesh">
	<summary>
 メッシュのGetter
 </summary>
	<returns></returns>
	<remarks></remarks>
</member><member name="M:SpiralButterfly.DXG_3DModel.SetMaterial(Microsoft.DirectX.Direct3D.Material[]@)">
	<summary>
 マテリアル配列のSetter
 </summary>
	<param name="prm_Material"></param>
	<remarks></remarks>
</member><member name="M:SpiralButterfly.DXG_3DModel.GetMaterial">
	<summary>
 マテリアル配列のGetter
 </summary>
	<returns></returns>
	<remarks></remarks>
</member><member name="M:SpiralButterfly.DXG_3DModel.SetTexture(Microsoft.DirectX.Direct3D.Texture[]@)">
	<summary>
 テクスチャー配列のSetter
 </summary>
	<param name="prm_Texture"></param>
	<remarks></remarks>
</member><member name="M:SpiralButterfly.DXG_3DModel.GetTexture">
	<summary>
 テクスチャー配列のGetter
 </summary>
	<returns></returns>
	<remarks></remarks>
</member><member name="T:SpiralButterfly.DXG_3DModel">
	<summary>
 3Dモデルのデータ
 </summary>
	<remarks>
 ☆概要
 １つの３Dモデルデータ。メッシュ、マテリアル配列、テクスチャー配列からなる。
 ☆履歴
 2008/5/30　新規作成
 </remarks>
</member><member name="M:SpiralButterfly.IDao.Open">
	<summary>
 DBを開く
 </summary>
	<remarks></remarks>
</member><member name="M:SpiralButterfly.IDao.Close">
	<summary>
 DBを閉じる
 </summary>
	<remarks></remarks>
</member><member name="M:SpiralButterfly.IDao.getDataSet(System.String@)">
	<summary>
 SQLを発行してDataSetを取得する
 </summary>
	<param name="sql"></param>
	<returns></returns>
	<remarks></remarks>
</member><member name="M:SpiralButterfly.IDao.ExcuteSQL(System.String@)">
	<summary>
 更新系のSQLを実行する
 </summary>
	<param name="sql"></param>
	<remarks>Update文、Insert、DeleteのSQLを実行する</remarks>
</member><member name="M:SpiralButterfly.IDao.UpdateDataSet(System.String@,System.Data.DataSet@)">
	<summary>
 データセットを更新する
 </summary>
	<param name="dtSet"></param>
	<remarks></remarks>
</member><member name="M:SpiralButterfly.IDao.TransactStart">
	<summary>
 トランザクション開始
 </summary>
	<remarks></remarks>
</member><member name="M:SpiralButterfly.IDao.Commit">
	<summary>
 コミット
 </summary>
	<remarks></remarks>
</member><member name="M:SpiralButterfly.IDao.RollBack">
	<summary>
 ロールバック
 </summary>
	<remarks></remarks>
</member><member name="T:SpiralButterfly.IDao">
	<summary>
 DAO
 </summary>
	<remarks>
 ☆概要
 DB関連のよくつかう機能を定義する。
 ☆履歴
 20078/1/18　新規作成
 </remarks>
</member><member name="F:SpiralButterfly.CDirectInput.aryDevJoystick">
	<summary>
 ジョイスティックデバイスのリスト
 </summary>
	<remarks></remarks>
</member><member name="F:SpiralButterfly.CDirectInput.joyStickAxisRange">
	<summary>
 ジョイスティック軸範囲値
 </summary>
	<remarks>ジョイスティックの軸範囲値。1000を設定した場合、-1000～+1000の値で稼動</remarks>
</member><member name="F:SpiralButterfly.CDirectInput.m_fm">
	<summary>
 対象画面フォーム
 </summary>
	<remarks>捜査対象となる画面のフォーム</remarks>
</member><member name="M:SpiralButterfly.CDirectInput.#ctor(System.Windows.Forms.Form@)">
	<summary>
 コンストラクタ
 </summary>
	<param name="prm_form">対象画面フォーム</param>
	<remarks></remarks>
</member><member name="M:SpiralButterfly.CDirectInput.reloadJoystick">
	<summary>
 ジョイスティックデバイスを再読み込み
 </summary>
	<remarks>ジョイスティックが抜き差しなどで数に変更があった場合などに呼び出す。再度初期化をすだけ</remarks>
</member><member name="M:SpiralButterfly.CDirectInput.initDeviceJoystick">
	<summary>
 ジョイスティックの初期化
 </summary>
	<remarks>すべてのジョイスティックを取得し初期化する。</remarks>
</member><member name="M:SpiralButterfly.CDirectInput.initDeviceKeyboard">
	<summary>
 キーボードデバイス情報の初期化
 </summary>
	<remarks></remarks>
</member><member name="M:SpiralButterfly.CDirectInput.getKeyboardState">
	<summary>
 キーボードの入力情報を取得する
 </summary>
	<returns>キーボード情報</returns>
	<remarks></remarks>
</member><member name="M:SpiralButterfly.CDirectInput.getJoyStickState(System.Int32)">
	<summary>
 ジョイスティック状態情報取得
 </summary>
	<param name="index"></param>
	<returns>検出しているジョイスティックのインデックス</returns>
	<remarks>JoystickStateを返す</remarks>
</member><member name="M:SpiralButterfly.CDirectInput.setJoyStickAxisRange(System.Int32)">
	<summary>
 ジョイスティック軸範囲値のセッター
 </summary>
	<param name="prm_joyStickAxisRange"></param>
	<remarks></remarks>
</member><member name="M:SpiralButterfly.CDirectInput.getJoystickCount">
	<summary>
 検出しているジョイスティックの数を返す
 </summary>
	<returns></returns>
	<remarks></remarks>
</member><member name="T:SpiralButterfly.CDirectInput">
	<summary>
 DirectInput制御
 </summary>
	<remarks>
 '''☆概要詳細
    DirectInputを制御し、より使いやすくしている。
☆作成者
    上原健二
☆変更履歴
    2007/7/2　新規作成
    2008/7/1　フォーム非アクティブ時などに起こるバグを修正
 </remarks>
</member><member name="M:SpiralButterfly.DXI_GetKeyboardState.getKeyboardState">
	<summary>
 キーボードの入力状態情報報を取得する
 </summary>
	<returns>キーボード入力状態情報</returns>
	<remarks></remarks>
</member><member name="T:SpiralButterfly.DXI_GetKeyboardState">
	<summary>
 キーボードの入力状態を取得する
 </summary>
	<remarks></remarks>
</member><member name="F:SpiralButterfly.ActionOperate.acl">
	<summary>
 アクション共通ロジック
 </summary>
	<remarks></remarks>
</member><member name="M:SpiralButterfly.ActionOperate.FireNormalBeam(SpiralButterfly.Creture@)">
	<summary>
 通常光線発射
 </summary>
	<param name="crt"></param>
	<remarks></remarks>
</member><member name="M:SpiralButterfly.ActionOperate.Move(SpiralButterfly.Creture@,SpiralButterfly.ActDocOperate@)">
	<summary>
 主人公の移動
 </summary>
	<param name="crt"></param>
	<param name="doc"></param>
	<remarks></remarks>
</member><member name="M:SpiralButterfly.ActionOperate.SetPos(SpiralButterfly.Creture@,System.Single,System.Single)">
	<summary>
 位置をセットする
 </summary>
	<param name="crt"></param>
	<param name="m_x"></param>
	<param name="m_y"></param>
	<remarks>画面の外へでないよう制御されている</remarks>
</member><member name="T:SpiralButterfly.ActionOperate">
	<summary>
 入力によるアクション
 </summary>
	<remarks></remarks>
</member>
</members>
</doc>