﻿<?xml version="1.0"?>
<doc>
<assembly>
<name>
HtmlCheckerHijamaru
</name>
</assembly>
<members>
<member name="M:HtmlCheckerHijamaru.CommonModule1.ErrMsg(System.String@,System.String@,System.String@,System.Exception@)">
	<summary>
 共通エラー出力
 </summary>
	<param name="className">エラークラス名</param>
	<param name="MethodName">エラーメソッド</param>
	<param name="msg">メッセージ</param>
	<param name="ex">例外</param>
	<remarks>エラーメッセージを出力する共通処理</remarks>
</member><member name="M:HtmlCheckerHijamaru.CommonModule1.LogPrint(System.String@)">
	<summary>
 共通ログ出力
 </summary>
	<param name="msg">メッセージ</param>
	<remarks></remarks>
</member><member name="F:HtmlCheckerHijamaru.PropertyCommon.myself">
	<summary>
 自分自身のインスタンス
 </summary>
	<remarks>シングルトンパターン適用</remarks>
</member><member name="F:HtmlCheckerHijamaru.PropertyCommon.m_dtSet">
	<summary>
 プロパティ情報
 </summary>
	<remarks></remarks>
</member><member name="M:HtmlCheckerHijamaru.PropertyCommon.dataSetDefinition">
	<summary>
 プロパティの構成定義と初期化
 </summary>
	<returns></returns>
	<remarks></remarks>
</member><member name="M:HtmlCheckerHijamaru.PropertyCommon.#ctor(System.String)">
	<summary>
 プライベートコンストラクタ
 </summary>
	<param name="xmlFlNm">プロパティＸＭＬファイル名</param>
	<remarks>'シングルトンパターンを適用</remarks>
</member><member name="M:HtmlCheckerHijamaru.PropertyCommon.getInstance">
	<summary>
 このクラスのインスタンスを取得する。
 </summary>
	<returns></returns>
	<remarks></remarks>
</member><member name="M:HtmlCheckerHijamaru.PropertyCommon.getDataSet">
	<summary>
 プロパティ情報データセットを取得する
 </summary>
	<returns></returns>
	<remarks></remarks>
</member><member name="P:HtmlCheckerHijamaru.PropertyCommon.ExcDate">
	<summary>
 実行日付のプロパティ
 </summary>
	<value></value>
	<returns></returns>
	<remarks></remarks>
</member><member name="P:HtmlCheckerHijamaru.PropertyCommon.UrlStr">
	<summary>
 URL文字列のプロパティ
 </summary>
	<value></value>
	<returns></returns>
	<remarks></remarks>
</member><member name="P:HtmlCheckerHijamaru.PropertyCommon.MarkStr1">
	<summary>
 印文字1のプロパティ
 </summary>
	<value></value>
	<returns></returns>
	<remarks></remarks>
</member><member name="P:HtmlCheckerHijamaru.PropertyCommon.MarkStr2">
	<summary>
 印文字2のプロパティ
 </summary>
	<value></value>
	<returns></returns>
	<remarks></remarks>
</member><member name="F:HtmlCheckerHijamaru.Form1.PrpCom">
	<summary>
 共通プロパティ
 </summary>
	<remarks></remarks>
</member><member name="F:HtmlCheckerHijamaru.Form1.HtmLoad">
	<summary>
 ＨＴＭＬ読み込み
 </summary>
	<remarks></remarks>
</member><member name="F:HtmlCheckerHijamaru.Form1.StrCon">
	<summary>
 文字列制御
 </summary>
	<remarks></remarks>
</member><member name="M:HtmlCheckerHijamaru.Form1.BtnGetHtmStrAll_Click(System.Object,System.EventArgs)">
	<summary>
 全ＨＴＭＬ文取得押下
 </summary>
	<param name="sender"></param>
	<param name="e"></param>
	<remarks></remarks>
</member><member name="M:HtmlCheckerHijamaru.Form1.BtnGetHtmStrPart_Click(System.Object,System.EventArgs)">
	<summary>
 全ＨＴＭＬ文取得押下
 </summary>
	<param name="sender"></param>
	<param name="e"></param>
	<remarks></remarks>
</member><member name="M:HtmlCheckerHijamaru.Form1.ViewData">
	<summary>
 プロパティ情報を画面に表示する
 </summary>
	<remarks></remarks>
</member><member name="M:HtmlCheckerHijamaru.Form1.GetData">
	<summary>
 画面情報からプロパティ情報を取得する
 </summary>
	<remarks></remarks>
</member><member name="M:HtmlCheckerHijamaru.Form1.prgPrint(System.String@)">
	<summary>
 進捗状況表示
 </summary>
	<param name="msg"></param>
	<remarks></remarks>
</member>
</members>
</doc>