<?xml version="1.0" encoding="utf-8" ?>
<!--
    Licensed to the Apache Software Foundation (ASF) under one or more
    contributor license agreements.  See the NOTICE file distributed with
    this work for additional information regarding copyright ownership.
    The ASF licenses this file to You under the Apache License, Version 2.0
    (the "License"); you may not use this file except in compliance with
    the License.  You may obtain a copy of the License at
   
         http://www.apache.org/licenses/LICENSE-2.0
   
    Unless required by applicable law or agreed to in writing, software
    distributed under the License is distributed on an "AS IS" BASIS,
    WITHOUT WARRANTIES OR CONDITIONS OF ANY KIND, either express or implied.
    See the License for the specific language governing permissions and
    limitations under the License.
-->

<!DOCTYPE struts-config PUBLIC
          "-//Apache Software Foundation//DTD Struts Configuration 1.3//EN"
          "http://struts.apache.org/dtds/struts-config_1_3.dtd">

<!--
     This is a blank Struts configuration file with an example
     welcome action/page and other commented sample elements.

     Struts Validator is configured using the factory defaults
     and is ready-to-use.

     NOTE: If you have a generator tool to create the corresponding Java classes
     for you, you could include the details in the "form-bean" declarations.
     Otherwise, you would only define the "form-bean" element itself, with the
     corresponding "name" and "type" attributes, as shown here.
-->


<struts-config>


<!-- ================================================ Form Bean Definitions -->

    <form-beans>


		<form-bean name="LoginForm" type="form.LoginForm" />
		<form-bean name="ReportInpForm" type="form.ReportInpForm" />
		<form-bean name="DummyForm" type="form.DummyForm" />
		<form-bean name="ReportListForm" type="form.ReportListForm" />
		
		
    </form-beans>



<!-- ========================================= Global Exception Definitions -->

    <global-exceptions>
    	  
        <!--<exception
            type="java.lang.Exception"
            key="errors.sys"
            path="/pages/commonErr.jsp"/>-->
    </global-exceptions>


<!-- =========================================== Global Forward Definitions -->

    <global-forwards>
        <!-- Default forward to "Welcome" action -->
        <!-- Demonstrates using index.jsp to forward -->
        <!--<forward
            name="welcome"
            path="/Welcome.do"/>-->
    </global-forwards>


<!-- =========================================== Action Mapping Definitions -->

     <action-mappings>
		<!-- スタート・ログイン画面を表示　-->
    	<action
		      path="/pages/start"
		      type="action.StartAction"
		      name="LoginForm"
		      scope="session"
		      input="/pages/login.jsp"
		      validate="false">
		      
		      <forward name="success" path="/pages/login.jsp" />
    	</action>
		<!-- ログイン処理　-->
    	<action
		      path="/pages/login"
		      type="action.LoginAction"
		      name="LoginForm"
		      scope="session"
		      input="/pages/login.jsp"
		      validate="false">
		      
		      <forward name="success" path="/pages/staffList.jsp" />
		      <forward name="fail" path="/pages/login.jsp" />
    	</action>
		<!-- 日報入力ボタン押下・日報入力画面の表示　-->
    	<action
		      path="/pages/showReportInp"
		      type="action.ShowReportInpAction"
		      name="ReportInpForm"
		      scope="request"
		      input="/pages/err.jsp"
		      validate="false">
		      
		      <forward name="success" path="/pages/reportInp.jsp" />
    	</action>
    	
		<!-- 日報入力　-->
    	<action
		      path="/pages/reportReg"
		      type="action.ReportRegAction"
		      name="ReportInpForm"
		      scope="request"
		      input="/pages/reportInp.jsp"
		      validate="true">
		      
		      <forward name="success" path="/pages/reportView.jsp" />
    	</action>
    	
		<!-- 社員一覧表示　-->
    	<action
		      path="/pages/showStaffList"
		      type="action.ShowStaffListAction"
		      name="DummyForm"
		      scope="request"
		      input="/pages/err.jsp"
		      validate="true">
		      
		      <forward name="success" path="/pages/staffList.jsp" />
    	</action>

		<!-- 日報一覧表示　-->
    	<action
		      path="/pages/showReportList"
		      type="action.ShowReportListAction"
		      name="ReportListForm"
		      scope="request"
		      input="/pages/err.jsp"
		      validate="false">
		      
		      <forward name="success" path="/pages/reportList.jsp" />
    	</action>
		
		
	</action-mappings>
    
  

<!-- ======================================== Message Resources Definitions -->

    <message-resources parameter="resources.MessageResources" />


<!-- =============================================== Plug Ins Configuration -->

  <!-- ======================================================= Tiles plugin -->
  <!--
     This plugin initialize Tiles definition factory. This later can takes some
	 parameters explained here after. The plugin first read parameters from
	 web.xml, thenoverload them with parameters defined here. All parameters
	 are optional.
     The plugin should be declared in each struts-config file.
       - definitions-config: (optional)
            Specify configuration file names. There can be several comma
		    separated file names (default: ?? )
       - moduleAware: (optional - struts1.1)
            Specify if the Tiles definition factory is module aware. If true
            (default), there will be one factory for each Struts module.
			If false, there will be one common factory for all module. In this
            later case, it is still needed to declare one plugin per module.
            The factory will be initialized with parameters found in the first
            initialized plugin (generally the one associated with the default
            module).
			  true : One factory per module. (default)
			  false : one single shared factory for all modules
	   - definitions-parser-validate: (optional)
	        Specify if xml parser should validate the Tiles configuration file.
			  true : validate. DTD should be specified in file header (default)
			  false : no validation

	  Paths found in Tiles definitions are relative to the main context.

      To use this plugin, download and add the Tiles jar to your WEB-INF/lib
      directory then uncomment the plugin definition below.

    <plug-in className="org.apache.struts.tiles.TilesPlugin" >

      <set-property property="definitions-config"
                       value="/WEB-INF/tiles-defs.xml" />
      <set-property property="moduleAware" value="true" />
    </plug-in>
  -->  


  <!-- =================================================== Validator plugin -->

  <plug-in className="org.apache.struts.validator.ValidatorPlugIn">
    <set-property
        property="pathnames"
        value="/org/apache/struts/validator/validator-rules.xml,
               /WEB-INF/validation.xml"/>
  </plug-in>

</struts-config>

