<?xml version="1.0" encoding="utf-8" ?>
<!--
    Licensed to the Apache Software Foundation (ASF) under one or more
    contributor license agreements.  See the NOTICE file distributed with
    this work for additional information regarding copyright ownership.
    The ASF licenses this file to You under the Apache License, Version 2.0
    (the "License"); you may not use this file except in compliance with
    the License.  You may obtain a copy of the License at
   
         http://www.apache.org/licenses/LICENSE-2.0
   
    Unless required by applicable law or agreed to in writing, software
    distributed under the License is distributed on an "AS IS" BASIS,
    WITHOUT WARRANTIES OR CONDITIONS OF ANY KIND, either express or implied.
    See the License for the specific language governing permissions and
    limitations under the License.
-->

<!DOCTYPE struts-config PUBLIC
          "-//Apache Software Foundation//DTD Struts Configuration 1.3//EN"
          "http://struts.apache.org/dtds/struts-config_1_3.dtd">

<!--
     This is a blank Struts configuration file with an example
     welcome action/page and other commented sample elements.

     Struts Validator is configured using the factory defaults
     and is ready-to-use.

     NOTE: If you have a generator tool to create the corresponding Java classes
     for you, you could include the details in the "form-bean" declarations.
     Otherwise, you would only define the "form-bean" element itself, with the
     corresponding "name" and "type" attributes, as shown here.
-->


<struts-config>


<!-- ================================================ Form Bean Definitions -->

    <form-beans>

		<form-bean name="ItemForm" type="form.ItemForm" />
		<form-bean name="CsvTestForm" type="form.CsvTestForm" />
		<form-bean name="MyUpFileActionForm" type="form.MyUpFileActionForm" />
		<form-bean name="DisplayItemForm" type="form.DisplayItemForm" />
		<form-bean name="ItemDetailForm" type="form.ItemDetailForm" />
		<form-bean name="CartForm" type="form.CartForm" />
		<form-bean name="UserForm" type="form.UserForm" />
		<form-bean name="LoginForm" type="form.LoginForm" />
		<form-bean name="OderForm" type="form.OderForm" />
		<form-bean name="HomeForm" type="form.HomeForm" />
		
		
    </form-beans>



<!-- ========================================= Global Exception Definitions -->

    <global-exceptions>
    	  
        <!--<exception
            type="java.lang.Exception"
            key="errors.sys"
            path="/pages/commonErr.jsp"/>-->
    </global-exceptions>


<!-- =========================================== Global Forward Definitions -->

    <global-forwards>
        <!-- Default forward to "Welcome" action -->
        <!-- Demonstrates using index.jsp to forward -->
        <!--<forward
            name="welcome"
            path="/Welcome.do"/>-->
    </global-forwards>


<!-- =========================================== Action Mapping Definitions -->

     <action-mappings>

    	

		<!-- テスト用ＣＳＶファイル読込アクション 
		<action
			path="/pages/readcsvfile"
			type="action.ReadCsvTestAction"
			name="CsvTestForm"
			scope="session"
			input="/pages/csvtest.jsp"
			validate="true">
			
			<forward name="success" path="/pages/csvtest.jsp" />
		</action>-->   
		<!-- ファイルアップロードアクション 
		<action
			path="/pages/upfile"
			type="action.MyUpFileAction"
			name="MyUpFileActionForm"
			scope="request"
			input="/pages/UpFileOut.jsp"
			validate="false">
			
			<forward name="success" path="/pages/UpFileOut.jsp" />
		</action>-->  
		<!-- 商品陳列アクション -->   
		<action
			path="/pages/home"
			type="action.HomeAction"
			name="HomeForm"
			scope="request"
			input="/pages/err.jsp"
			validate="false">
			
			<forward name="success" path="/pages/home.jsp" />
		</action>
		 
		<!-- 商品陳列アクション -->   
		<action
			path="/pages/showdisplayitem"
			type="action.DisplayItemAction"
			name="DisplayItemForm"
			scope="request"
			input="/pages/err.jsp"
			validate="true">
			
			<forward name="success" path="/pages/displayitem.jsp" />
		</action>
		
		
		<!-- 商品詳細表示アクション -->   
		<action
			path="/pages/itemdetail"
			type="action.ItemDetailAction"
			name="ItemDetailForm"
			scope="request"
			input="/pages/err.jsp"
			validate="true">
			
			<forward name="success" path="/pages/itemdetail.jsp" />
		</action>
		
		
		<!-- カート投入アクション -->   
		<action
			path="/pages/inCart"
			type="action.InCartAction"
			name="CartForm"
			scope="session"
			input="/pages/err.jsp"
			validate="true">
			
			<forward name="success" path="/pages/cart.jsp" />
			<forward name="err" path="/pages/err.jsp" />
		</action>
		
		<!-- カート更新アクション -->   
		<action
			path="/pages/updateCart"
			type="action.UpdateCartAction"
			name="CartForm"
			scope="session"
			input="/pages/err.jsp"
			validate="true">
			
			<forward name="success" path="/pages/cart.jsp" />
			<forward name="err" path="/pages/err.jsp" />
		</action>
		
		<!-- 注文情報入力タイプ選択画面表示アクション -->   
		<action
			path="/pages/inpType"
			type="action.OderInpTypeAction"
			name="OderForm"
			scope="session"
			input="/pages/err.jsp"
			validate="false">
			
			<forward name="success" path="/pages/oderInpType.jsp" />
		</action>
		<!-- 注文情報入力画面表示アクション -->   
		<action
			path="/pages/oderInp"
			type="action.OderInpAction"
			name="OderForm"
			scope="session"
			input="/pages/err.jsp"
			validate="false">
			
			<forward name="success" path="/pages/oderInp.jsp" />
		</action>
		<!-- 注文情報入力確認画面表示アクション -->   
		<action
			path="/pages/oderInpCheck"
			type="action.OderInpCheckAction"
			name="OderForm"
			scope="session"
			input="/pages/oderInp.jsp"
			validate="true">
			
			<forward name="success" path="/pages/oderInpCheck.jsp" />
		</action>
		<!-- 注文情報ＤＢ登録処理-->   
        <action
		      path="/pages/oderInpReg"
		      type="action.OderInpRegAction"
		      name="OderForm"
		      scope="session"
		      input="/pages/oderInpReg.jsp"
		      validate="false">
		      
		      <forward name="success" path="/pages/oderInpReg.jsp" />
    	</action>

		
    	<!-- ユーザー情報登録画面表示-->   
        <action
		      path="/pages/userInp"
		      type="action.UserInpAction"
		      name="UserForm"
		      scope="session"
		      input="/pages/userInp.jsp"
		      validate="true">
		      
		      <forward name="success" path="/pages/userInp.jsp" />
    	</action>
    	<!-- ユーザー情報登録画面サブミットボタン押下-->   
        <action
		      path="/pages/userInpSubmit"
		      type="action.UserInpSubmitAction"
		      name="UserForm"
		      scope="session"
		      input="/pages/userInp.jsp"
		      validate="true">
		      
		      <forward name="success" path="/pages/userInpCheck.jsp" />
		      <forward name="userid_check" path="/pages/userInp.jsp" />
    	</action>
    	<!-- ユーザー情報ＤＢ登録処理-->   
        <action
		      path="/pages/userInpReg"
		      type="action.UserInpRegAction"
		      name="UserForm"
		      scope="session"
		      input="/pages/userInpReg.jsp"
		      validate="false">
		      
		      <forward name="success" path="/pages/userInpReg.jsp" />
    	</action>
    	<!-- ログイン画面を表示する。-->   
        <action
		      path="/pages/loginShow"
		      type="action.LoginShowAction"
		      name="LoginForm"
		      scope="request"
		      input="/pages/login.jsp"
		      validate="false">
		      
		      <forward name="success" path="/pages/login.jsp" />
    	</action>
    	<!-- ログイン認証-->   
        <action
		      path="/pages/login"
		      type="action.LoginAction"
		      name="LoginForm"
		      scope="request"
		      input="/pages/login.jsp"
		      validate="false">
		      
		      <forward name="err" path="/pages/login.jsp" />
		      <forward name="success" path="/pages/loginSuccess.jsp" />
    	</action>
	</action-mappings>
    
  

<!-- ======================================== Message Resources Definitions -->

    <message-resources parameter="resources.MessageResources" />


<!-- =============================================== Plug Ins Configuration -->

  <!-- ======================================================= Tiles plugin -->
  <!--
     This plugin initialize Tiles definition factory. This later can takes some
	 parameters explained here after. The plugin first read parameters from
	 web.xml, thenoverload them with parameters defined here. All parameters
	 are optional.
     The plugin should be declared in each struts-config file.
       - definitions-config: (optional)
            Specify configuration file names. There can be several comma
		    separated file names (default: ?? )
       - moduleAware: (optional - struts1.1)
            Specify if the Tiles definition factory is module aware. If true
            (default), there will be one factory for each Struts module.
			If false, there will be one common factory for all module. In this
            later case, it is still needed to declare one plugin per module.
            The factory will be initialized with parameters found in the first
            initialized plugin (generally the one associated with the default
            module).
			  true : One factory per module. (default)
			  false : one single shared factory for all modules
	   - definitions-parser-validate: (optional)
	        Specify if xml parser should validate the Tiles configuration file.
			  true : validate. DTD should be specified in file header (default)
			  false : no validation

	  Paths found in Tiles definitions are relative to the main context.

      To use this plugin, download and add the Tiles jar to your WEB-INF/lib
      directory then uncomment the plugin definition below.

    <plug-in className="org.apache.struts.tiles.TilesPlugin" >

      <set-property property="definitions-config"
                       value="/WEB-INF/tiles-defs.xml" />
      <set-property property="moduleAware" value="true" />
    </plug-in>
  -->  


  <!-- =================================================== Validator plugin -->

  <plug-in className="org.apache.struts.validator.ValidatorPlugIn">
    <set-property
        property="pathnames"
        value="/org/apache/struts/validator/validator-rules.xml,
               /WEB-INF/validation.xml"/>
  </plug-in>

</struts-config>

