<common>
  <xs:schema id="common" xmlns="" xmlns:xs="http://www.w3.org/2001/XMLSchema" xmlns:msdata="urn:schemas-microsoft-com:xml-msdata">
    <xs:element name="common" msdata:IsDataSet="true" msdata:UseCurrentLocale="true">
      <xs:complexType>
        <xs:choice minOccurs="0" maxOccurs="unbounded">
          <xs:element name="common">
            <xs:complexType>
              <xs:sequence>
                <xs:element name="mdb_filename" type="xs:string" minOccurs="0" />
                <xs:element name="exc_date" type="xs:dateTime" minOccurs="0" />
                <xs:element name="db_flg" type="xs:long" minOccurs="0" />
              </xs:sequence>
            </xs:complexType>
          </xs:element>
        </xs:choice>
      </xs:complexType>
    </xs:element>
  </xs:schema>
  <common>
    <mdb_filename>C:\Project_VB2008\SpiralButterfly\SpiralButterfly\bin\Debug\sys\sb.mdb</mdb_filename>
    <exc_date>2008-06-06T10:28:09.7112576+09:00</exc_date>
    <db_flg>0</db_flg>
  </common>
</common>